,productivity,productivity_binned
11,70.49072790909091,yes
12,9.804427382978723,yes
13,12.316140290909091,yes
14,23.753106733333333,yes
16,3.127490546875,yes
18,2.8378513978494624,yes
20,4.90691,yes
22,4.673314392857143,yes
24,6.031634833333333,yes
25,1.3456944166666667,yes
28,2.5793805714285716,yes
33,11.05260048611111,yes
35,4.581468306666666,yes
38,3.6584611,yes
55,10.441917,yes
58,4.7385765555555555,yes
62,15.891666666666667,yes
63,5.758620491082052,yes
65,5.923782390243902,yes
68,0.6620432666666667,no
69,6.658531535714285,yes
70,7.2254548666666665,yes
71,17.457,yes
73,3.183350266666667,yes
74,4.482920757575758,yes
75,1.4481573857142858,yes
76,9.04,yes
77,4.413677333333333,yes
78,1.1835577857142856,yes
79,5.722401032258064,yes
80,5.608673,yes
82,1.213167111111111,yes
83,455.56628333333333,yes
85,21.341136333333335,yes
87,11.89668825,yes
88,35.659045666666664,yes
89,9.878579291666666,yes
90,22.597177,yes
95,3.955069914285714,yes
96,10.714285714285714,yes
98,4.443110941747573,yes
100,21.004583703703705,yes
103,28.316211,yes
104,13.073825142857142,yes
105,18.45263157894737,yes
106,6.549036533333333,yes
107,8.3593107,yes
111,2.63538812,yes
114,33.100447714285714,yes
115,0.6866666666666666,no
116,5.865995066666667,yes
117,4.24963744,yes
118,0.448,no
120,9.371293806451613,yes
121,9.851565010638298,yes
122,11.914143840425531,yes
129,14.469741842105263,yes
134,2.764166423076923,yes
140,8.054786,yes
141,1.6690837777777778,yes
142,12.7187685,yes
146,12.560337411764706,yes
148,1.1225318,yes
152,3.9714285714285715,yes
153,29.930964,yes
154,8.660714285714286,yes
155,5.430045643243243,yes
157,5.117647058823529,yes
161,2.164705882352941,yes
162,4.30120025,yes
163,0.9754545454545455,no
164,5.6,yes
165,5.3375,yes
167,0.9559041911764706,no
168,5.32,yes
169,1.6320090857142857,yes
170,10.339985625,yes
172,2.525539568345324,yes
174,3.2296332,yes
176,86.5930575,yes
179,2.0368115375,yes
180,1.9294117647058824,yes
182,0.184840875,no
184,2.75,yes
186,2.05538762962963,yes
187,3.9688455,yes
189,0.6062710153846154,no
193,3.4285714285714284,yes
196,6.0925,yes
197,2.9223603472222224,yes
199,3.3333333333333335,yes
200,2.0517241379310347,yes
201,1.1218804333333334,yes
205,1.9361281714285714,yes
207,14.384146341463415,yes
213,7.163173169945179,yes
214,16.4874275,yes
215,36.93712625,yes
217,4.252086664864865,yes
218,12.2455,yes
219,9.279426914893618,yes
226,10.3705,yes
231,1.8794924,yes
236,19.166666666666668,yes
238,40.844401833333336,yes
242,2.532704851851852,yes
243,2.39408315,yes
245,2.82,yes
251,23.072727272727274,yes
253,13.0,yes
254,2.6595041400966184,yes
261,8.490941333333334,yes
268,4.576,yes
272,2.4947911533333333,yes
274,14.354890631578947,yes
275,8.65885357142857,yes
277,4.350384409090909,yes
278,2.34,yes
280,3.088235294117647,yes
284,8.333333333333334,yes
285,3.2114014166666665,yes
288,24.65753424657534,yes
292,4.017308,yes
296,1.38635662,yes
297,1.5882233333333333,yes
298,2.284210588235294,yes
302,3.0796515384615386,yes
306,2.1673468545454546,yes
308,3.198103,yes
310,5.982628074074074,yes
311,0.18546713333333334,no
314,0.82102379,no
319,0.9847984,no
320,1.0078112391304348,yes
321,1.1179678181818182,yes
322,0.33682692,no
326,1.8794549696969698,yes
329,16.335775904761906,yes
330,5.232876712328767,yes
331,3.9653850430107527,yes
332,0.06777777777777778,no
334,1.309508189189189,yes
338,12.40383421875,yes
345,2.471348923076923,yes
348,16.818181818181817,yes
350,9.330031257142856,yes
364,1.5,yes
378,4.86338,yes
380,14.1930174,yes
387,5.2487615,yes
388,4.097250088888889,yes
392,6.10799784,yes
393,5.071982033333334,yes
395,2.8530643833333333,yes
396,5.333333333333333,yes
398,7.132011285714285,yes
401,3.6172,yes
402,4.795918367346939,yes
403,19.439106133333333,yes
408,10.9,yes
409,8.591719444444445,yes
411,4.13896175,yes
414,3.36531112,yes
415,1.04,yes
421,0.21576,no
423,3.4306450571428573,yes
424,14.604832045454545,yes
425,3.1966101694915254,yes
426,10.084711577248891,yes
431,35.87626,yes
433,7.333333333333333,yes
435,4.354179216,yes
436,4.512861875,yes
440,3.22211235,yes
445,2.486416375,yes
451,12.45,yes
453,5.405902431034483,yes
454,10.17620675862069,yes
455,13.315364642857142,yes
462,4.928293961538461,yes
466,5.0050548,yes
470,2.98338125,yes
475,28.0,yes
479,2.330358652173913,yes
480,22.521333333333335,yes
488,10.75,yes
489,7.62,yes
492,2.4909523846153845,yes
496,14.531819111111112,yes
497,4.7800229,yes
503,1.13546760625,yes
504,14.275736222222223,yes
508,6.12329415,yes
509,5.880952380952381,yes
512,9.8039105,yes
521,4.285714285714286,yes
524,2.2329302884615383,yes
525,4.267773703703703,yes
533,3.8533333333333335,yes
534,1.856765005,yes
535,51.475,yes
539,61.96193802071264,yes
544,6.108695652173913,yes
546,15.151744,yes
547,1.1383333333333334,yes
550,1.126984126984127,yes
557,2.8719424460431653,yes
558,1.877,yes
559,3.4529907984496124,yes
561,2.30884728,yes
562,5.027427,yes
563,0.6190476190476191,no
564,5.199167575,yes
565,2.095833333333333,yes
567,30.0,yes
568,6.831498711538462,yes
573,8.0,yes
577,1.3844372,yes
578,58.831625,yes
579,5.3,yes
580,2.2556962173913044,yes
581,10.909090909090908,yes
582,38.6784095,yes
583,9.01127875,yes
584,1.4128470657894736,yes
585,1.1443478260869566,yes
586,4.281139466666667,yes
587,1.7559865,yes
588,1.95214906,yes
590,4.35384288,yes
591,6.065918808,yes
594,3.6447692666666667,yes
597,10.93386151,yes
598,5.473479393939394,yes
599,2.853881278538813,yes
601,75.51529085714286,yes
602,10.898678546666666,yes
603,3.231746031746032,yes
604,4.9475230733333335,yes
605,1.8341697333333333,yes
606,8.586619258064516,yes
607,3.628888888888889,yes
608,1.68,yes
609,11.55198878504673,yes
612,1.862270157142857,yes
613,6.935684740740741,yes
615,20.396647333333334,yes
616,3.26256415,yes
618,110.0,yes
619,11.56,yes
620,9.7210708,yes
621,65.82594833333333,yes
622,1.536892052631579,yes
624,150.0,yes
627,23.083539032258063,yes
628,3.7277434666666664,yes
629,5.741559333333333,yes
630,1.6231610714285714,yes
632,6.018549168537432,yes
634,11.2771918,yes
637,11.4581632,yes
639,5.8101225,yes
640,2.603846153846154,yes
641,0.8343613333333333,no
644,2.35927,yes
646,39.54545454545455,yes
650,8.646251384615384,yes
652,2.8423420114285713,yes
657,39.45,yes
658,24.6,yes
660,15.688888888888888,yes
663,13.9352633,yes
664,5.374690478260869,yes
665,12.339622641509434,yes
667,11.74736842105263,yes
668,8.457142857142857,yes
670,4.993335,yes
671,7.798042968,yes
672,8.78979634,yes
673,6.128373453846154,yes
674,5.979407186666666,yes
675,6.2659061933333335,yes
676,3.208721035714286,yes
679,2.481081081081081,yes
680,26.74109525,yes
681,10.027777777777779,yes
682,5.892307692307693,yes
686,1.901336988888889,yes
687,7.553481363636363,yes
688,7.584025708333333,yes
691,9.9,yes
692,125.0,yes
693,6.4580367375,yes
698,6.1855323235294115,yes
699,6.975,yes
700,4.349090909090909,yes
705,6.0,yes
707,5.087598666666667,yes
708,4.666666666666667,yes
709,3.796875,yes
710,5.869900566666667,yes
711,1.861622418604651,yes
712,55.84109818181818,yes
714,3.0273733454545453,yes
744,23.788706733333335,yes
745,16.8201573,yes
747,6.066477,yes
752,2.4539080555555555,yes
754,1.6,yes
755,1.763157894736842,yes
764,84.0,yes
766,1.954816,yes
767,3.737665948,yes
768,1.1057360285714286,yes
769,1.87109388,yes
770,98.18959014332411,yes
771,13.777777777777779,yes
772,19.943982277777778,yes
773,12.565397625,yes
782,0.1,no
783,5.807631318181818,yes
786,0.78972815,no
787,1.6479652,yes
788,17.6514478,yes
795,1.8490909090909091,yes
796,7.228781714285715,yes
804,8.0,yes
806,2.59566104,yes
807,9.918541181818181,yes
808,8.073486966666668,yes
809,6.132258386666667,yes
810,4.9934885125,yes
812,18.001793535714285,yes
813,37.142857142857146,yes
814,6.0565292,yes
816,3.981411117647059,yes
817,2.1272727272727274,yes
818,1.1873015873015873,yes
819,2.5522727272727272,yes
820,5.13513745,yes
821,3.3333333333333335,yes
824,3.58426868,yes
829,5.0,yes
830,1.7105263157894737,yes
834,2.22681602,yes
838,180.18018018018017,yes
840,15.18943175,yes
844,1.6072904166666666,yes
846,1.5106060606060605,yes
848,0.8285992222222223,no
853,1.4261216176470588,yes
854,19.521818166666666,yes
855,1.8803222934782609,yes
856,2.7857142857142856,yes
857,6.8834415571428575,yes
858,10.852380952380953,yes
861,4.0199975384615385,yes
862,12.0652912,yes
863,5.389057544444444,yes
864,10.323750866666666,yes
866,4.67066224,yes
867,2.0,yes
868,3.8458463333333333,yes
869,3.6221174,yes
872,4.830525818639798,yes
873,9.7528006,yes
879,4.297926042857143,yes
881,6.08100445,yes
887,21.09999142857143,yes
888,7.793478260869565,yes
889,0.7164852409638555,no
903,5.0680540625,yes
907,10.169044818181819,yes
909,4.430881239381785,yes
913,1.1458333333333333,yes
914,5.5,yes
920,3.8498427166666667,yes
921,1.2334080795454545,yes
923,84.61538461538461,yes
924,1.666747076923077,yes
926,2.0151981333333335,yes
929,1.7046153846153846,yes
941,8.013808466666667,yes
942,8.137642357142857,yes
943,9.134285714285713,yes
944,0.9885714285714285,no
947,4.666666666666667,yes
948,200.0,yes
949,1.7833333333333334,yes
950,8.26175975,yes
951,8.307692307692308,yes
953,3.1733333333333333,yes
954,5.7212044875,yes
955,4.37110484,yes
956,2.6377875933333335,yes
963,4.725333333333333,yes
967,5.0,yes
978,1.3357142857142856,yes
979,1.5061585185185185,yes
985,70.12524,yes
994,3.428516074511485,yes
1018,0.8594730666666667,no
1024,1.087624,yes
1052,11.11111111111111,yes
1073,1.3247519677419355,yes
1088,9.156883720930233,yes
1089,4.041666666666667,yes
1123,0.41301414285714283,no
1124,2.741907775,yes
1125,2.213395428571429,yes
1164,5.41320728,yes
1213,3.219956625,yes
1246,5.371948583333333,yes
1247,1.1053386666666667,yes
1248,1.64339768,yes
1250,2.079439936363636,yes
1251,2.890376105263158,yes
1252,0.13985683333333335,no
1257,1.783047,yes
1259,1.7464239333333333,yes
1262,1.7857607333333334,yes
1265,8.093356647058824,yes
1266,3.27273965,yes
1267,1.1288868933333334,yes
1268,7.35827704,yes
1271,7.016433553846154,yes
1273,2.8120292647058824,yes
1281,8.304545454545455,yes
1282,4.001415,yes
1359,2.7423255714285713,yes
1360,4.6915395,yes
1362,1666.6666666666667,yes
1365,10.94161575,yes
1366,234.375,yes
1367,28.59745142857143,yes
1368,8.347526933333333,yes
1369,6.827282545454546,yes
1370,2.1476190476190475,yes
1371,15.882352941176471,yes
1372,1.71407179,yes
1374,10.013333333333334,yes
1375,1.880952380952381,yes
1378,1.554284,yes
1382,4.807732,yes
1389,0.18958333333333333,no
1402,5.583223545454546,yes
1406,6.630881148148148,yes
1408,0.20127523913043477,no
1412,30.618055833333333,yes
1422,3.2205261555555555,yes
1427,2.0973856043956043,yes
1428,1.4422690344827587,yes
1429,5.632108888888889,yes
1430,8.89111825,yes
1439,1.239097141304348,yes
1440,0.5711663846153846,no
1443,0.9171913333333334,no
1452,1.8712018755980862,yes
1487,1.5048331363636365,yes
1491,5.49327425,yes
1493,4.727616,yes
1494,1.7459772666666666,yes
1495,1.1692307692307693,yes
1498,14.960438148148148,yes
1523,8.060586,yes
1535,1.2439092173913044,yes
1537,2.1096836444444445,yes
1538,0.5661538461538461,no
1542,1.28,yes
1546,0.47979925,no
1548,1.2516275714285714,yes
1550,10.90676,yes
1562,4.282562666666666,yes
1571,3.486649672727273,yes
1572,4.067796288888889,yes
1573,3.4290156285714284,yes
1574,3.0242047555555556,yes
1576,3.104275090909091,yes
1577,1.7376307111111111,yes
1579,3.016358425,yes
1581,2.4133567529411764,yes
1584,3.7509414,yes
1585,3.0113707547169812,yes
1586,2.322829275,yes
1588,8.222720818181818,yes
1590,0.5987567272727272,no
1592,3.4205394333333334,yes
1593,5.2225531,yes
1597,6.008073545454545,yes
1598,5.208571428571428,yes
1599,0.9106687727272728,no
1620,4.165241333333333,yes
1624,6.726902555555555,yes
1633,10.856227363636364,yes
1634,3.8,yes
1635,1.2932473333333334,yes
1636,1.8829835,yes
1637,7.64,yes
1639,0.64,no
1640,15.140009384615384,yes
1641,0.45066666666666666,no
1642,2.7227272727272727,yes
1643,77.0412272,yes
1645,3.806650175,yes
1646,2.0519400476190475,yes
1647,2.1998235652173914,yes
1651,0.8125,no
1656,0.9866666666666667,no
1667,15.924086625,yes
1669,6.683754766666667,yes
1677,1.868444125,yes
1678,26.64297142857143,yes
1683,1.569276475,yes
1690,16.709774166666666,yes
1691,3.5633963,yes
1696,2.7700041428571427,yes
1701,1.52,yes
1715,3.6893788333333335,yes
1722,0.6415614035087719,no
1724,1.7561836733333334,yes
1726,4.179815871428572,yes
1727,6.93495,yes
1729,2.326909127272727,yes
1734,4.418502795918367,yes
1735,2.7664044068965516,yes
1738,0.7898064857142857,no
1770,0.24285714285714285,no
1771,2.646926957142857,yes
1789,2.7175697865353037,yes
1792,1.1960818727272726,yes
1807,3.340181,yes
1808,0.47929377777777776,no
1809,2.95147925,yes
1813,1.6140350877192982,yes
1817,7.525933692307692,yes
1819,2.4153957037037035,yes
1824,1.00769368,yes
1830,1.45234136,yes
1831,0.97451088,no
1832,4.3948865,yes
1833,0.7917655,no
1841,2.5896686159844053,yes
1844,3.2182484242424243,yes
1850,0.9116852884615385,no
1852,2.5868292063492064,yes
1858,4.7313985333333335,yes
1859,0.8,no
1865,4.175487208,yes
1873,0.29130434782608694,no
1874,0.09057673333333334,no
1878,0.7411839459459459,no
1879,17.5,yes
1887,1.521561775,yes
1888,1.835357624831309,yes
1891,29.909725944444446,yes
1892,17.62169473846154,yes
1893,4.4053764782608695,yes
1894,5.646941982608696,yes
1895,7.51110414159292,yes
1900,4.323244270833333,yes
1901,2.4419135384615385,yes
1903,2.991005014705882,yes
1904,1.8558786588235294,yes
1907,2.88113746,yes
1909,2.75170124,yes
1911,0.18125,no
1921,1.6438557,yes
1924,5.458509418181818,yes
1927,0.7985822773722627,no
1930,3.2953507086956524,yes
1931,5.393651642857143,yes
1933,12.349825705882353,yes
1934,11.57271176,yes
1941,5.4375,yes
1945,3.4414134516129034,yes
1947,0.31364593333333335,no
1948,3.66041025,yes
1949,1.3043986769230769,yes
1950,0.11857870909090909,no
1951,0.03303528169014085,no
1954,7.38929676923077,yes
1956,0.10281414285714285,no
1957,1.3631891315789473,yes
1965,0.5333333333333333,no
1966,1.0793431741935484,yes
1969,0.5509311428571428,no
1970,18.7281115,yes
1975,3.53555875,yes
1979,2.223444330769231,yes
1988,1.0428981875,yes
1989,2.2198996,yes
1995,2.388724695652174,yes
1996,1.6474251368421053,yes
1997,0.8635660277777778,no
1999,25.511046470588234,yes
2001,2.615566,yes
2005,2.967741935483871,yes
2011,3.479104109589041,yes
2018,2.7065294,yes
2019,4.121648722222222,yes
2020,0.7220074117647058,no
2022,3.4253907,yes
2023,0.408,no
2024,1.957221290909091,yes
2026,1.4989370192307692,yes
2034,2.3305829555555557,yes
2043,1.7529760166666666,yes
2044,2.870752775,yes
2046,3.2558964,yes
2048,1.2066751916666667,yes
2054,4.62043352173913,yes
2055,3.1043769545454545,yes
2057,0.4492404523809524,no
2059,1.74443,yes
2062,4.15815212,yes
2064,10.711764705882352,yes
2067,0.45125385,no
2069,2.575584769975787,yes
2074,2.3070257142857145,yes
2080,2.48708576,yes
2082,5.3502605333333335,yes
2084,0.6254405384615385,no
2085,3.6414704,yes
2098,9.442967,yes
2100,0.38392648611111113,no
2105,21.40754581818182,yes
2108,51.525171,yes
2109,7.405662545454545,yes
2110,0.45751633986928103,no
2112,1.7958457888888888,yes
2114,0.38686131386861317,no
2116,1.10979652,yes
2118,1.3142857142857143,yes
2119,1.3866666666666667,yes
2123,2.9268823333333334,yes
2133,1.0224157357142858,yes
2134,3.48,yes
2135,1.5466147,yes
2140,1.10370892,yes
2142,1.88,yes
2157,1.7019927875,yes
2164,2.272727272727273,yes
2185,0.1886415777777778,no
2196,2.3395214,yes
2207,1.4576698,yes
2251,2.44,yes
2252,1.12154176,yes
2253,2.67035712,yes
2255,60.62038,yes
2268,2.0679714666666666,yes
2270,1.9365718,yes
2275,1.5758510736842106,yes
2277,0.937,no
2280,8.426043,yes
2284,1.0688409384615385,yes
2287,6.939615714285714,yes
2288,4.277963962962963,yes
2289,2.190044417721519,yes
2292,144.23111111111112,yes
2294,1.5346545454545455,yes
2295,5.4684492,yes
2300,3.1275,yes
2309,0.9581729,no
2310,1.3092916333333333,yes
2312,0.22055366666666668,no
2320,2.217622109090909,yes
2322,3.0066571428571427,yes
2335,3.4780208,yes
2355,1.07092715,yes
2359,3.678376888888889,yes
2360,6.94671225,yes
2447,1.5477421333333334,yes
2454,1.8651173911111112,yes
2486,2.49488115,yes
2501,3.567237066666667,yes
2502,3.84666956,yes
2503,4.025673981818182,yes
2539,0.7245909466666667,no
2567,1.9431041727272726,yes
2575,0.7932622222222222,no
2577,0.2384432,no
2604,11.500121285714286,yes
2610,1.5677890666666667,yes
2616,5.283902533333333,yes
2636,2.511111111111111,yes
2637,1.72367309375,yes
2642,1.4666666666666666,yes
2649,1.222,yes
2652,8.702174736842105,yes
2655,0.94002283,no
2657,1.24472665,yes
2662,2.404220714285714,yes
2666,1.007419111111111,yes
2667,1801.6666666666667,yes
2668,1.05,yes
2675,2.25,yes
2698,0.9909644628571429,no
2749,0.939333,no
2752,2.3823529411764706,yes
2755,0.7566666666666667,no
2756,1.2857156857142857,yes
2757,1.7584734594594595,yes
2768,11.041666666666666,yes
2769,2.938797747203186,yes
2770,4.746833333333333,yes
2787,2.312506913043478,yes
2788,2.9001353913043477,yes
2789,1.1025974571428572,yes
2800,1.270479457142857,yes
2830,1.2993575,yes
2832,1.27,yes
2841,1.4918269787234042,yes
2898,2.654,yes
2907,6.3834142,yes
2924,2.0315811333333333,yes
2925,6.980353961538461,yes
2959,0.7664256285714286,no
2976,2.700647666666667,yes
2977,2.2613134545454545,yes
2978,5.821479405405405,yes
2990,2.495928111111111,yes
3021,5.27992968,yes
3036,2.4890288,yes
3040,7.6031821428571424,yes
3049,8.934783,yes
3050,1.6363636363636365,yes
3055,10.0,yes
3060,89.79591836734694,yes
3062,5.195899772209567,yes
3080,5.257799671592775,yes
3082,0.11003266666666667,no
3089,3.004,yes
3093,0.4665448857142857,no
3116,2.2222222222222223,yes
3131,1.035,yes
3132,0.5116733428571428,no
3170,312.35431235431236,yes
3172,0.9017587066666667,no
3175,2.8636363636363638,yes
3291,8.083843,yes
3472,0.455,no
3482,0.8955223880597015,no
3489,1.0985133,yes
3509,0.8804503448275862,no
3512,1.7387347166666667,yes
3525,3.6847726785714285,yes
3536,2.0591357258064518,yes
3558,1.208755125,yes
3563,2.189084870588235,yes
3573,2.6,yes
3580,2.0549137454545456,yes
3594,2.42396296875,yes
3595,3.8686585125,yes
3597,1.1941176470588235,yes
3600,3.500088,yes
3635,3.606796,yes
3638,3.3071803571428573,yes
3683,0.35886525555555554,no
3877,0.50750925,no
3902,0.5832058,no
3933,2.929876525,yes
3981,5.344452957142857,yes
3989,0.5815741333333333,no
4105,4.473735166666667,yes
4108,2.091853904761905,yes
4133,1.5713640754716982,yes
4141,0.617867282051282,no
4147,2.262518475,yes
4148,2.2732845714285714,yes
4170,0.12611566666666665,no
4191,2.3427041499330654,yes
4232,12.360475928571429,yes
4233,2.466666666666667,yes
4234,1.817277525,yes
4244,1.6971935384615384,yes
4247,14.63261952631579,yes
4248,1.553592911111111,yes
4251,1.0025512857142858,yes
4256,4.5973586875,yes
4257,3.9613915555555557,yes
4258,3.9189372,yes
4327,2.839844569892473,yes
4347,4.3088687,yes
4348,4.326712392857143,yes
4349,1.2379794,yes
4351,0.3966570952380952,no
4379,0.27166666666666667,no
4380,3.4025692,yes
4413,0.9966659857142857,no
4421,0.98,no
4442,1.1967757613636363,yes
4464,1.7050166091954022,yes
4474,1.2788617333333334,yes
4476,5.354629433333334,yes
4477,0.9476744186046512,no
4478,4.2105263157894735,yes
4488,108.6447290909091,yes
4513,2.508629875,yes
4515,1.8060310857142856,yes
4517,1.3612884727272727,yes
4518,1.1333333333333333,yes
4523,4.005737082352941,yes
4538,2.0043956,yes
4547,4.0916128125,yes
4551,1.7967191698113207,yes
4553,1.640647,yes
4564,6.3885044,yes
4566,3.7196734,yes
4584,5.75625,yes
4597,0.8497118888888889,no
4599,0.9985736,no
4614,0.5397058823529411,no
4638,5.108913625,yes
4643,1.3567648571428572,yes
4657,0.2650503703703704,no
4688,0.6526031777777778,no
4689,0.48873425,no
4723,0.02204370588235294,no
4771,1.8080085263157895,yes
4806,0.13857142857142857,no
4816,5.336246,yes
4820,1.514367816091954,yes
4822,0.678435624740063,no
4824,1.4,yes
4836,1.8070663076923077,yes
4911,0.817471,no
4912,1.1384070689655172,yes
4912,1.1384070689655172,yes
4922,2.19872884,yes
4928,0.6540084388185654,no
4935,9.799337916666667,yes
4942,0.7129073793103449,no
4944,4.42486672972973,yes
4951,4.647232692307692,yes
4953,1.54471235,yes
4960,0.2191769,no
4964,7.3025506,yes
4965,0.199365175,no
4967,2.067075275862069,yes
4970,3.5397831,yes
4982,2.66465037,yes
4995,0.6266666666666667,no
4997,0.2811864,no
5038,6.742246258064516,yes
5072,0.5950002,no
5121,1.7666666666666666,yes
5123,2.64063476,yes
5125,0.9796336363636363,no
5126,0.3463736666666667,no
5137,0.7104407714285714,no
5146,0.0976258,no
5174,1.84301595,yes
5175,3.8591755777777776,yes
5176,1.2940331818181818,yes
5201,1.686335403726708,yes
5236,1.0379646,yes
5255,1.8637231333333333,yes
5279,4.432022424242424,yes
5375,0.97838349,no
5393,0.8103357021276596,no
5491,0.11306819178082192,no
5503,8.38354,yes
5516,2.1927840285714284,yes
5551,1.9828328,yes
5559,1.91729718,yes
5653,0.9353946857142857,no
5718,0.1165102,no
5723,155.62704,yes
5767,3.0,yes
5769,50.0,yes
5820,1.3014137833333332,yes
5851,0.9146086117647059,no
5852,0.7774876842105263,no
5857,0.8016999166666666,no
5915,2.841148,yes
5916,17.549981892780202,yes
5919,9.978571428571428,yes
5927,0.875,no
5955,0.8405511714285714,no
5966,4.094366333333333,yes
5994,2.079084716666667,yes
6020,1.0430185,yes
6022,0.42951913333333336,no
6023,5.2278446333333335,yes
6038,1.76646974,yes
6068,1.292857142857143,yes
6073,2.59377250877193,yes
6075,2.1282774,yes
6114,5.3965673,yes
6116,1.068,yes
6171,0.6015346470588235,no
6278,0.6514700166666667,no
6280,1.80718925,yes
6282,0.906094,no
6283,1.3157894736842106,yes
6346,0.45080718,no
6415,1.4366938133333333,yes
6435,1.4202045,yes
6439,3.0251491666666666,yes
6440,0.7054411714285714,no
6466,0.6,no
6477,6.022277216666667,yes
6478,0.3482962608695652,no
6479,3.902326733333333,yes
6519,2.2213903,yes
6520,2.320007909090909,yes
6521,1.11809055,yes
6522,0.9190198375,no
6538,1.4554118,yes
6557,5.3419773,yes
6575,0.5887443714285714,no
6593,1.7701946315789474,yes
6615,0.9411269166666667,no
6620,4.466652641377372,yes
6623,1.212,yes
6637,3.518189230769231,yes
6639,0.6963642,no
6687,0.425305,no
6795,0.9895615538461539,no
6844,9.05959566088612,yes
6877,2.56813774,yes
6947,2.375,yes
6950,3.7971912,yes
6957,6.822255576923077,yes
6961,3.1450025333333333,yes
6963,0.8654440909090909,no
6964,3.334109225,yes
6972,1.6257093923076924,yes
6973,1.0647456521739131,yes
6977,6.86508664,yes
7006,0.6213335,no
7007,3.0628225714285713,yes
7131,1.87660921875,yes
7183,1.2022470762398223,yes
7191,6.83056104,yes
7211,2.71752684,yes
7214,2.5556602,yes
7233,0.3887114222222222,no
7270,1.0575108387096774,yes
7278,2.8215610333333334,yes
7288,0.483053375,no
7299,0.20779255,no
7301,1.205578,yes
7303,0.44727272727272727,no
7326,30.854877866666666,yes
7341,0.11428571428571428,no
7345,3.08834844,yes
7347,3.5167695,yes
7350,3.8971667111111112,yes
7353,0.424145125,no
7364,0.2653846153846154,no
7442,3.863157894736842,yes
7443,4.996323644444445,yes
7445,1.666090346153846,yes
7446,2.0442679239130435,yes
7450,0.18668277333333333,no
7451,3.963548314285714,yes
7453,2.08956832,yes
7459,0.7828813833333333,no
7461,3.779037275,yes
7483,0.16635954144246526,no
7484,2.3212826705882352,yes
7485,1.568803213114754,yes
7501,0.82798,no
7509,3.774191,yes
7510,0.7255584166666667,no
7512,0.20845666666666668,no
7516,3.174125705882353,yes
7518,4.20003745,yes
7520,8.57523905,yes
7551,2.407434,yes
7552,2.02026112,yes
7553,16.59846577777778,yes
7555,2.2648858,yes
7737,3.282618511111111,yes
7840,2.569373342857143,yes
7859,7.01675,yes
7863,6.666162727272727,yes
7870,0.121680375,no
7873,2.983519,yes
7874,0.7269230666666666,no
7913,5.508998867924528,yes
7942,3.351226,yes
7944,16.173879,yes
7978,0.9319317666666667,no
7979,3.70903725,yes
7980,1.4403283076923077,yes
7984,3.1307692307692307,yes
8007,2.29383055,yes
8009,0.8053245625,no
8011,0.8846153846153846,no
8012,3.805012297520661,yes
8046,0.131963,no
8051,0.27285732,no
8055,3.5318528125,yes
8060,0.23699975,no
8065,4.5122097142857145,yes
8067,0.39166666666666666,no
8077,2.086,yes
8078,1.404,yes
8080,0.4213414814814815,no
8088,1.7217588888888888,yes
8090,1.5042843142857143,yes
8095,1.9926080668487867,yes
8141,0.964741,no
8193,3.94126,yes
8195,1.285408709090909,yes
8204,1.8093296333333333,yes
8224,2.415467475,yes
8247,2.6144845411764708,yes
8270,0.290426875,no
8271,5.8880067,yes
8273,2.230336581818182,yes
8292,2.0527705333333333,yes
8293,3.289742875,yes
8321,2.3022522,yes
8326,3.57032865,yes
8328,8.618097142857144,yes
8329,11.079438571428572,yes
8333,3.74,yes
8341,7.8535,yes
8346,73.7488088,yes
8355,9.852075744444445,yes
8358,4.773690466666666,yes
8363,8.49358595,yes
8367,8.13528975,yes
8373,4.181518465,yes
8386,2.60186625,yes
8390,7.945409428571429,yes
8393,12.0,yes
8398,2.5393046,yes
8408,9.714285714285714,yes
8409,1.2319701666666667,yes
8413,0.34,no
8427,0.8611403142857142,no
8452,1.1717741097560976,yes
8456,1.8723714761904762,yes
8457,1.242156575,yes
8467,15.454710875,yes
8470,2.8401325,yes
8487,0.6370588235294118,no
8488,5.258577428571429,yes
8489,0.8197553738317757,no
8545,3.6312055,yes
8584,1.8049903090909092,yes
8587,21.944083933333335,yes
8592,3.462526085106383,yes
8617,2.8598938,yes
8619,1.4134074066666666,yes
8643,7.2108234,yes
8645,3.4042458125,yes
8656,2.4066666666666667,yes
8665,0.3054716,no
8669,0.44132575,no
8675,0.627287,no
8676,1.5890148714285715,yes
8681,9.07322272,yes
8688,0.661726301369863,no
8696,9.6542059,yes
8698,2.2495538974358973,yes
8699,3.4836226153846153,yes
8738,4.72065,yes
8741,1.887049326923077,yes
8780,2.1390149,yes
8814,0.2633333333333333,no
8818,2.564494163636364,yes
8831,3.764688185185185,yes
8834,0.76,no
8835,7.8763710555555555,yes
8836,2.278981133333333,yes
8838,0.8216666666666667,no
8839,5.75856388,yes
8840,2.022234649122807,yes
8842,0.1695969230769231,no
8843,1.2976298181818182,yes
8844,5.25594498,yes
8845,2.085714285714286,yes
8847,0.066424,no
8849,0.5858424333333333,no
8850,1.92220992,yes
8859,5.629286384615384,yes
8869,0.7233333333333334,no
8870,0.1997884875,no
8871,2.8060276666666666,yes
8872,3.07,yes
8874,3.2217391304347824,yes
8875,0.25649692307692307,no
8885,6.9561445,yes
8895,0.096061,no
8909,4.55244336,yes
8914,1.5166666666666666,yes
8915,0.493901925,no
8916,0.5876190476190476,no
8920,2.8514285714285714,yes
8922,2.1313614,yes
8942,4.720153333333333,yes
8944,0.13166716,no
8952,1.7703097692307692,yes
8953,0.52344335,no
8954,0.1620909090909091,no
8960,4.162578306666667,yes
8961,0.9946153846153846,no
8963,2.969811320754717,yes
8966,10.611260135135135,yes
8967,1.69697871875,yes
8968,3.35964295,yes
8981,0.6737758695652174,no
8984,3.891183436363636,yes
8987,1.0533333333333332,yes
8988,0.4491614,no
8991,0.30566666666666664,no
8998,2.7861772307692307,yes
8999,2.6126852727272727,yes
9003,14.575148,yes
9007,0.8751455,no
9008,0.8866163529411765,no
9009,0.8003333333333333,no
9012,15.0,yes
9013,2.7204535333333335,yes
9016,0.38357142857142856,no
9021,2.6593086923076923,yes
9023,0.41625,no
9027,1.8851951818181818,yes
9029,6.2678799142857144,yes
9030,4.7470535,yes
9032,0.05847953216374269,no
9034,3.8068353,yes
9036,3.01139985,yes
9038,2.1294441666666666,yes
9042,1.1098819,yes
9043,5.428461823529412,yes
9053,0.2585228666666667,no
9057,0.539578,no
9062,62.0,yes
9067,0.1,no
9070,4.4033586,yes
9072,0.671094828125,no
9085,1.1666666666666667,yes
9089,1.10596345,yes
9091,1.8385763142857143,yes
9095,0.26111293617021275,no
9099,0.9732458717948718,no
9100,2.06,yes
9101,1.2114113548387098,yes
9103,1.1904666666666666,yes
9208,3.00540294,yes
9255,5.350113,yes
9257,2.5965704875,yes
9260,0.383857,no
9261,30.0,yes
9266,0.3736333333333333,no
9268,2.42295562,yes
9270,9.431102222222222,yes
9272,3.553954058823529,yes
9273,7.079517766666667,yes
9275,0.16748124,no
9279,2.16387315,yes
9280,0.48086434285714286,no
9285,7.484642375,yes
9286,4.70876632,yes
9288,0.0606548,no
9289,5.0,yes
9290,1.864712718676123,yes
9291,2.320982536585366,yes
9293,3.8235847777777776,yes
9294,4.7511369375,yes
9297,1.86900008,yes
9302,1.6781450833333333,yes
9303,1.5580704444444444,yes
9304,0.3111111111111111,no
9306,0.3575,no
9310,0.8565286470588235,no
9312,2.8745456666666667,yes
9313,0.47714285714285715,no
9315,4.061587254545454,yes
9320,0.42,no
9325,51.45,yes
9326,11.507826,yes
9327,5.0733522037037035,yes
9331,3.482059951612903,yes
9333,0.23283582089552238,no
9334,2.755553,yes
9335,2.7805688125,yes
9339,3.3954471285714285,yes
9341,0.6926608,no
9342,1.5584615384615386,yes
9344,13.333333333333334,yes
9348,3.2392600857142857,yes
9349,2.856521739130435,yes
9350,3.642857142857143,yes
9352,0.82872892,no
9353,3.101733125,yes
9354,12.37356511111111,yes
9357,1.625,yes
9358,1.6434446923076924,yes
9359,2.44041696,yes
9360,3.041905933333333,yes
9362,4.415636363636364,yes
9366,3.568850342857143,yes
9367,291.704,yes
9372,342.05858461538463,yes
9373,11.638223369565218,yes
9374,1.6472727272727272,yes
9378,1.6301895238095239,yes
9381,1.0301104857142858,yes
9383,2.0126315789473685,yes
9384,1.25,yes
9386,4.6825,yes
9387,3.44257375,yes
9388,6.049696461538462,yes
9389,0.13341183333333334,no
9390,5.47105184,yes
9396,17.12142857142857,yes
9397,1.22970365,yes
9398,2.1707493214285716,yes
9405,1.6046112333333333,yes
9407,0.012756979166666666,no
9408,1.49044513,yes
9410,2.21976264,yes
9413,0.29,no
9423,0.4083558666666667,no
9424,1.2676158666666666,yes
9426,1.3448396,yes
9427,56.6,yes
9428,3.4019642857142856,yes
9430,4.3666832307692305,yes
9437,0.9074074074074074,no
9438,0.25,no
9440,0.8008470307692308,no
9441,3.19421586,yes
9443,10.448678363636363,yes
9444,1.298,yes
9447,0.63515,no
9449,0.8275862068965517,no
9451,2.023865176470588,yes
9452,0.9734461,no
9454,3.769448692307692,yes
9461,105.88235294117646,yes
9462,8.902430769230769,yes
9466,0.5166666666666667,no
9469,0.89647792,no
9470,3.605,yes
9471,2.1597982333333334,yes
9472,8.3861155,yes
9473,0.2857142857142857,no
9475,4.351471193548387,yes
9476,1.8074995846153845,yes
9477,1.6963988083333332,yes
9480,2.2971758717948716,yes
9481,2.0752555479452055,yes
9482,1.1257142857142857,yes
9486,3.6942857142857144,yes
9487,3.028321375,yes
9488,3.1506146842105265,yes
9489,3.8587922307692306,yes
9493,6.98,yes
9494,39.599975066666666,yes
9495,4.086956521739131,yes
9502,4.859573538461539,yes
9506,0.7825272666666667,no
9509,1.8613387714285714,yes
9513,2.337083333333333,yes
9515,1.7297244,yes
9517,0.6580114285714286,no
9522,7.129418525,yes
9530,1.346587276923077,yes
9532,4.907838869565217,yes
9533,2.6820038205128207,yes
9535,0.4375,no
9541,1.0590322571428572,yes
9543,1.675773215,yes
9550,7.738662083333334,yes
9552,29.791666666666668,yes
9555,2.409561142857143,yes
9556,3.0549075,yes
9557,0.29362855,no
9559,3.466666666666667,yes
9562,0.5491970375,no
9563,1.8223787636363635,yes
9567,1.2352594571428572,yes
9574,1.0625,yes
9583,0.15704533333333334,no
9591,1.3302083076923077,yes
9593,1.6152763411764706,yes
9594,5.366666666666666,yes
9595,6.965237076923077,yes
9598,8.471163666666667,yes
9600,5.798647933333333,yes
9602,7.4051282051282055,yes
9603,6.4442976666666665,yes
9610,5.5578908333333334,yes
9613,0.477706375,no
9614,4.1004412,yes
9615,1.8643328470588236,yes
9619,1.5355841379310344,yes
9620,1.6044968666666666,yes
9621,0.23684210526315788,no
9623,1.4330619318181819,yes
9625,1.0355555555555556,yes
9631,0.088,no
9637,1.1785714285714286,yes
9641,2.1530305,yes
9645,1.9528538285714285,yes
9654,0.9091455666666667,no
9655,2.85973335,yes
9659,500.0,yes
9664,0.29724775,no
9667,0.6912709655172414,no
9671,40.90909090909091,yes
9672,0.20105515384615386,no
9675,9.14224425,yes
9678,0.6857917058823529,no
9679,1.4386377222222222,yes
9685,0.23196266666666668,no
9689,0.9274614375,no
9691,1.66612536,yes
9693,0.8990495789473684,no
9697,1.0397881285714285,yes
9701,0.7892257,no
9703,0.7229439428571428,no
9705,1.4419648333333333,yes
9706,2.6341820689655173,yes
9707,1.492895,yes
9714,0.553125,no
9715,0.22666666666666666,no
9716,0.80523825,no
9718,2.2478093379310344,yes
9722,1.5461902235294118,yes
9729,0.05662624,no
9737,7.442474947368421,yes
9738,3.30120875,yes
9739,1.7719298245614035,yes
9740,4.042439862068965,yes
9741,3.3268178533333335,yes
9745,0.8089412823529412,no
9749,7.451611,yes
9754,1.65502378,yes
9757,2.6552260166666666,yes
9759,2.25690748,yes
9760,4.3432782,yes
9762,9.51623725,yes
9766,1.3819278,yes
9767,1.4717338269230769,yes
9772,1.5294117647058822,yes
9776,1.0876069602272727,yes
9778,2.7684394285714284,yes
9779,1.68055512,yes
9781,0.364082125,no
9788,1.6741308260869565,yes
9792,4.690387533333333,yes
9793,2.4977692,yes
9796,1.432107,yes
9798,2.7849981777777777,yes
9799,5.454840131578948,yes
9800,7.949170769230769,yes
9801,6.5630181,yes
9802,4.467501613333333,yes
9804,1.5098184,yes
9806,6.863501,yes
9816,10.131293,yes
9823,1.7125620333333333,yes
9824,0.4920883970588235,no
9825,0.7171428571428572,no
9828,0.9067697297297297,no
9829,5.175669,yes
9833,2.2092698142857143,yes
9835,3.0182538,yes
9836,3.84335608,yes
9837,1.6742857142857144,yes
9839,0.1904515,no
9869,3.9555555555555557,yes
9870,3.5057705,yes
9874,6.4,yes
9876,0.9377777777777778,no
9877,5.1805425,yes
9879,2.832743575,yes
9880,6.359044346153846,yes
9882,1.6667558857142857,yes
9884,0.30470588235294116,no
9885,27.762648,yes
9886,2.096,yes
9889,3.5267465,yes
9890,1.1333514,yes
9894,2.187782893617021,yes
9896,1.7812194583333334,yes
9900,1.3180344,yes
9902,0.708111746031746,no
9904,1.2792314375,yes
9905,7.04,yes
9906,1.10362258,yes
9907,2.325173411764706,yes
9909,7.805191347826087,yes
9912,0.7319076,no
9913,1.0484048139534883,yes
9918,1.4266353333333333,yes
9919,3.54742882,yes
9920,1.0356737,yes
9923,0.40810882,no
9928,1.632,yes
9930,2.328789775,yes
9932,0.9165792833333334,no
9941,6.529375357142857,yes
9944,4.339290133333333,yes
9946,2.11989043,yes
9947,1.315324488372093,yes
9950,0.20281823076923078,no
9952,0.7177143,no
9954,1.61736195,yes
9955,2.388666262295082,yes
9963,3.66732515,yes
9969,0.917957,no
9975,1.42105208,yes
9982,2.0962189133333333,yes
9988,1.1650055428571429,yes
9989,0.2289172,no
9992,1.3177411976744187,yes
10003,2.4926470588235294,yes
10008,1.3562075,yes
10009,1.956232796875,yes
10012,0.7175686,no
10015,5.266666666666667,yes
10020,16.9987048,yes
10021,9.249739916666666,yes
10022,1.3035714285714286,yes
10023,3.3336758,yes
10024,3.1904958333333333,yes
10025,1.36285375,yes
10027,0.5780793555555556,no
10028,3.480375722222222,yes
10029,2.1094974,yes
10030,2.36735284,yes
10040,2.253190422222222,yes
10047,0.62,no
10048,0.07777777777777778,no
10050,1.9860259,yes
10052,0.35833333333333334,no
10053,4.4644658,yes
10054,1.0061479714285715,yes
10060,1.05,yes
10061,0.8455473,no
10065,5.686691105263158,yes
10066,0.5666666666666667,no
10067,1.7426856,yes
10069,1.1593753,yes
10070,0.2158975,no
10073,4.2397828,yes
10074,0.57337604,no
10075,0.436754,no
10077,0.0748705,no
10090,2.2021262,yes
10092,15.585495,yes
10093,0.7991926666666667,no
10096,2.6069107297297296,yes
10110,1.9057142857142857,yes
10115,1.5199857,yes
10120,0.097409125,no
10128,2.0096904375,yes
10130,2.7795217727272727,yes
10137,2.256656894736842,yes
10138,3.119666655,yes
10139,2.86466855,yes
10140,2.697980322580645,yes
10144,5.283586975,yes
10145,2.7998293095238096,yes
10147,3.354218739130435,yes
10152,0.6585572105263158,no
10153,0.16375,no
10154,0.72352456,no
10159,0.9519587294117647,no
10162,14.505327333333334,yes
10163,15.0,yes
10167,0.7693312,no
10173,0.9937116666666667,no
10174,6.447318888888889,yes
10183,4.028957,yes
10184,4.125842525,yes
10185,0.23554846666666668,no
10186,0.5844892,no
10187,0.8376127142857143,no
10189,3.763883074074074,yes
10191,2.999265206060606,yes
10192,4.561217375757575,yes
10193,5.315859555,yes
10195,2.995510786666667,yes
10196,2.1315458733333332,yes
10197,0.668860725,no
10198,2.543293,yes
10199,1.5080386166666666,yes
10200,2.885399725,yes
10201,3.271299657142857,yes
10202,2.660930525,yes
10204,0.6561717727272727,no
10207,0.63875,no
10208,0.9301505,no
10214,0.685150488095238,no
10215,9.801524833333334,yes
10218,33.09289,yes
10226,2.2579866666666666,yes
10228,5.454822066666667,yes
10242,9.183673469387756,yes
10253,1.5310686857142857,yes
10288,0.05710175,no
10294,1.8579286842105263,yes
10297,4.278074866310161,yes
10299,2.214765100671141,yes
10303,3.870928,yes
10307,3.084354068965517,yes
10312,2.247698911111111,yes
10314,10.3166989,yes
10315,1.161775575,yes
10316,6.07944488,yes
10320,1.37079856,yes
10327,0.6711111111111111,no
10328,4.875035657142857,yes
10329,3.04044202,yes
10330,6.186397384615384,yes
10331,263.1578947368421,yes
10336,0.375,no
10338,5.348214285714286,yes
10345,4.602802764705882,yes
10357,0.8066666666666666,no
10358,1.754379625,yes
10362,1.3624195,yes
10366,0.4424915555555556,no
10375,0.11666003636363637,no
10377,5.826232,yes
10383,0.6271182,no
10384,0.24694156666666667,no
10385,0.8646674,no
10386,1.1428571428571428,yes
10390,0.9222528,no
10391,1.01089235,yes
10393,1.00109022,yes
10395,1.8714656714285713,yes
10396,4.605739130434783,yes
10398,2.5405936857142857,yes
10400,1.47912482,yes
10402,5.4669855882352945,yes
10403,3.609587625,yes
10410,0.8111849428571428,no
10413,2.0,yes
10423,4.536619928571429,yes
10426,3.3526835,yes
10431,1.62745636,yes
10438,7.8769444,yes
10461,0.06990268867924529,no
10466,5.4999651,yes
10468,1.4464870930232558,yes
10471,5.438848,yes
10477,0.758567625,no
10478,0.4888888888888889,no
10479,1.1955383833333333,yes
10480,0.08888616666666667,no
10481,1.3724087647058822,yes
10483,1.6817225555555555,yes
10488,2.7047195675675675,yes
10501,0.8055703263157895,no
10521,3.7990381666666666,yes
10523,1.1726864143426294,yes
10527,4.02600236,yes
10528,5.822540877777778,yes
10529,0.02501234,no
10530,6.292359509090909,yes
10545,3.25338851,yes
10546,0.5769230769230769,no
10555,4.897000253333333,yes
10557,10.146211666666666,yes
10559,0.7450311935483871,no
10560,1.1867282777777777,yes
10564,2.7241369333333334,yes
10567,2.7784161803921568,yes
10569,1.6630265,yes
10571,0.1157418,no
10577,0.871363425925926,no
10585,4.910742666666667,yes
10586,1.3636363636363635,yes
10588,1.2289957889908256,yes
10589,1.0577206379310344,yes
10590,1.5288104533333333,yes
10592,0.18870575714285714,no
10601,0.73512403,no
10603,1.2545454545454546,yes
10604,30.01277139208174,yes
10610,0.8358219756097561,no
10611,6.421993666666666,yes
10622,5.286158833333333,yes
10623,1.8829852666666667,yes
10625,2.0352941176470587,yes
10628,0.36498163333333333,no
10629,0.5552741176470588,no
10632,0.1960452,no
10633,12.195554,yes
10634,8.061690857142857,yes
10637,4.556889433333334,yes
10641,1.3957948923076924,yes
10642,0.139304,no
10643,1.8863762307692307,yes
10647,1.392685275,yes
10656,0.831648,no
10658,1.0846506857142857,yes
10661,2.221511233333333,yes
10663,1.435,yes
10664,3.303115357142857,yes
10665,8.2391145,yes
10674,1.2922222222222222,yes
10677,1.10740064,yes
10678,0.9683420606060607,no
10681,2.970932716666667,yes
10683,1.9154843333333333,yes
10684,2.1926264782608698,yes
10696,0.23962118181818182,no
10699,1.5906510714285715,yes
10705,1.1307445555555555,yes
10708,0.87,no
10710,0.7283123,no
10712,2.150215851851852,yes
10715,0.85643555,no
10718,0.63327845,no
10719,6.680104575757576,yes
10720,0.4,no
10724,3.9270746666666665,yes
10727,1.3579218181818182,yes
10730,3.775601875,yes
10731,0.5666666666666667,no
10733,0.24130804672897196,no
10735,0.73110555,no
10739,0.7335024444444445,no
10740,1.1962746,yes
10741,1.4712718571428571,yes
10743,0.6936153333333334,no
10747,10.27027027027027,yes
10748,2.6166876315789476,yes
10756,2.0254474,yes
10758,14.811455333333333,yes
10760,0.8254590909090909,no
10761,2.649069,yes
10762,3.751314052631579,yes
10763,0.9932300434782608,no
10764,2.930453635,yes
10771,0.89739375,no
10775,1.3546396107865557,yes
10779,0.9786405333333333,no
10781,3.235275375,yes
10782,0.319985,no
10796,0.587415918367347,no
10802,0.8378435777777777,no
10805,5.776939545454545,yes
10806,0.5542857142857143,no
10808,2.515776342857143,yes
10822,0.21060978260869564,no
10833,1.5198375,yes
10846,0.6857142857142857,no
10858,0.69285368,no
10861,1.488,yes
10862,1.5264369142857144,yes
10865,0.8499771083333333,no
10866,1.608695652173913,yes
10876,1.3325353333333334,yes
10877,1.59917198,yes
10878,1.1760519090909092,yes
10879,1.3766059333333334,yes
10885,5.98492625,yes
10894,0.3627445714285714,no
10900,0.3187122857142857,no
10913,0.05580475,no
10922,0.8287934666666666,no
10923,0.41136146153846154,no
10929,0.3884848181818182,no
10934,3.271040166666667,yes
10935,0.07919370454545455,no
10944,1.58134925,yes
10950,2.6139221363636365,yes
10956,1.9367309375,yes
10972,1.0797346666666667,yes
10974,0.30302873333333336,no
10982,6.286466685714286,yes
10984,1.63,yes
10991,4.2757046875,yes
10991,4.2757046875,yes
10992,3.3447915333333333,yes
10994,1.326825,yes
10996,0.8316666666666667,no
10998,22.8675495,yes
10999,5.7491,yes
11000,5.976146870967742,yes
11001,1.8116692307692308,yes
11003,2.3922923333333332,yes
11004,0.15113465454545455,no
11006,69.76744186046511,yes
11007,1.289939225,yes
11009,47.63333333333333,yes
11013,1.31123225,yes
11022,1.5791013333333332,yes
11023,4.752998,yes
11024,2.2683354125,yes
11025,0.53039705,no
11026,1.56001172,yes
11027,3.6980520833333332,yes
11036,3.98631824137931,yes
11045,2.7558174,yes
11056,3.2457827358490565,yes
11058,0.5636902666666667,no
11062,0.3275,no
11064,2.2916566,yes
11066,1.525,yes
11077,7.22709,yes
11081,1.4549006444444443,yes
11086,0.5182994166666667,no
11088,0.8259090571428571,no
11090,1.8036753617021277,yes
11091,0.11620358333333333,no
11092,6.136363636363637,yes
11093,0.9792680606060606,no
11096,4.0883654,yes
11107,0.19,no
11109,1.213986818181818,yes
11113,4.23946794117647,yes
11128,1.8605972363636363,yes
11129,1.6432545454545455,yes
11130,3.368362025,yes
11132,2.2034197333333334,yes
11135,1.5810487,yes
11141,0.4337467857142857,no
11152,2.841005375,yes
11158,1.9,yes
11162,1.7777777777777777,yes
11172,3.64741055,yes
11184,1.1819053636363637,yes
11186,0.5586153846153846,no
11187,0.4307692307692308,no
11194,7.6982625,yes
11199,4.22592305,yes
11208,0.7192358666666666,no
11212,0.5474301,no
11217,0.891006,no
11224,90.89359137931035,yes
11228,1.9901558625,yes
11231,1.3189153333333334,yes
11232,1.5837301666666668,yes
11237,2.83971592,yes
11247,3.50820525,yes
11249,0.6381870833333333,no
11252,0.6190188333333333,no
11253,1.886918388235294,yes
11258,0.037142857142857144,no
11259,2.296397333333333,yes
11260,0.8441679833333333,no
11281,10.2135272,yes
11283,4.89959288,yes
11285,1.4299953714285714,yes
11287,3.311001725,yes
11309,3.4,yes
11313,0.9963155161290322,no
11321,3.0576036545454546,yes
11322,2.1410462,yes
11323,1.8986894545454545,yes
11324,3.6850524375,yes
11329,1.12230365,yes
11335,3.0,yes
11351,1.6138498823529412,yes
11352,2.3914448387096776,yes
11353,1.793195909090909,yes
11355,3.3826092,yes
11358,0.8448897142857142,no
11362,2.1541442285714285,yes
11363,3.941443714285714,yes
11368,1.8205846666666667,yes
11371,1.6702929117647058,yes
11374,0.10375,no
11375,0.67213004,no
11380,0.8378853,no
11395,2.0454545454545454,yes
11397,1.8810698666666668,yes
11400,1.0178671,yes
11412,1.3762578615384615,yes
11413,3.8364855,yes
11439,1.6387010888888889,yes
11442,0.48736086666666667,no
11451,0.63,no
11452,6.5402205,yes
11453,2.0578847272727274,yes
11456,0.7899905866666667,no
11457,0.2192868888888889,no
11459,2.467709,yes
11460,3.6760682307692307,yes
11467,3.0041614782608694,yes
11470,1.5410725454545455,yes
11483,0.158545625,no
11516,1.3976779642857142,yes
11517,1.1356504705882353,yes
11519,2.6415926285714284,yes
11529,4.753221684210526,yes
11531,3.1824729333333335,yes
11535,0.3693252,no
11543,0.26666666666666666,no
11544,3.4143018875,yes
11545,1.9080435,yes
11547,6.263470666666667,yes
11551,0.415,no
11559,0.01024139896373057,no
11560,1.5185976190476191,yes
11565,3.45647655,yes
11568,0.9285714285714286,no
11576,6.382978723404255,yes
11577,1.1571957558695891,yes
11595,4.039973,yes
11598,7.6923076923076925,yes
11600,0.172265,no
11615,0.33942184,no
11618,1.07375,yes
11619,1.1954363087248323,yes
11620,6.01609077790896,yes
11622,1.1499004857142858,yes
11631,11.58864398076923,yes
11632,0.836847652173913,no
11635,3.627306208333333,yes
11637,3.05995821875,yes
11638,2.9450271142857143,yes
11648,1.6687232285714286,yes
11658,5.455279921875,yes
11660,40.0825,yes
11661,0.7540460454545455,no
11665,2.8835681625,yes
11667,3.0118494,yes
11671,1.145719,yes
11674,4.275857253333333,yes
11676,0.84,no
11678,2.87551812,yes
11679,1.18371155,yes
11683,3.1180401333333334,yes
11688,1.69327687,yes
11692,0.02683893,no
11702,0.4066666666666667,no
11770,4.277676,yes
11773,10.875,yes
11774,1.4933831785714287,yes
11775,1.9990135833333333,yes
11798,3.672090756302521,yes
11802,1.7503438918918919,yes
11804,9.1196419,yes
11808,0.5166666666666667,no
11812,1.5975993023255814,yes
11814,5.1912064,yes
11817,0.26847365384615385,no
11820,2.1744306,yes
11823,1.339097,yes
11826,2.362408139534884,yes
11831,0.45,no
11835,0.84539155,no
11836,4.672059733333334,yes
11849,0.4130383111111111,no
11857,2.406039277777778,yes
11859,0.52268954,no
11860,1.505409672413793,yes
11861,4.117413,yes
11866,0.7685837333333333,no
11870,3.4974011333333332,yes
11887,22.991743363636363,yes
11888,3.2867168571428573,yes
11889,2.7554583636363637,yes
11891,1.7033556,yes
11892,1.13286534,yes
11897,3.3333333333333335,yes
11908,0.160264,no
11917,10.542968425925926,yes
11918,2.0864657714285713,yes
11928,0.570583,no
11932,2.026874,yes
11934,0.4997,no
11956,8.419946666666666,yes
11968,0.83964454,no
11970,2.9730835411764707,yes
11973,0.832248625,no
11976,0.94024948,no
11978,2.57323421875,yes
11979,1.2994031428571429,yes
11983,0.9655539230769231,no
12079,0.22725533333333334,no
12085,1.1383662272727273,yes
12088,5.0,yes
12090,5.642496388888889,yes
12094,7.752610181818182,yes
12096,2.4438670307692307,yes
12100,0.2956521739130435,no
12103,2.00040184,yes
12107,0.45622434523809524,no
12113,1.644246942857143,yes
12121,4.7681818181818185,yes
12123,0.764,no
12133,1.9708868,yes
12138,0.30175561290322583,no
12143,2.527895,yes
12144,6.75686768,yes
12145,1.6152504,yes
12149,1.8133890909090908,yes
12150,5.835763842105263,yes
12153,1.1420193243243244,yes
12154,22.070996363636365,yes
12155,5.12149952,yes
12159,0.841000505882353,no
12160,0.8881269841269841,no
12162,3.2820514666666667,yes
12177,0.659086193548387,no
12180,8.033275764705882,yes
12182,3.3886017,yes
12184,2.236284857142857,yes
12192,0.40887175,no
12193,2.0466712125,yes
12201,1.0351557,yes
12207,31.1546543,yes
12208,3.4787265,yes
12212,2.7553115714285714,yes
12222,3.4957413411764704,yes
12230,53.9700035,yes
12244,1.6142687666666666,yes
12246,1.3263755,yes
12247,1.136696,yes
12262,108.69565217391305,yes
12271,0.13141757142857144,no
12277,1.6318458,yes
12279,5.184525842105264,yes
12280,8.0707235,yes
12281,2.6975,yes
12289,2.990676175,yes
12311,5.821258461538462,yes
12312,0.6451576315789473,no
12400,0.381012,no
12405,25.194036266666668,yes
12412,0.21503326666666667,no
12429,6.038607852941176,yes
12437,2.6101000285714284,yes
12445,10.732089752,yes
12484,0.09442666666666667,no
12498,7.070284942310199,yes
12499,0.08235294117647059,no
12506,0.8930964482758621,no
12508,0.3391955263157895,no
12509,1.7598283333333333,yes
12530,1.6363636363636365,yes
12561,2.1263023,yes
12569,1.4465544,yes
12574,2.9064065,yes
12586,3.7592342424242426,yes
12589,3.4330845333333335,yes
12590,0.065550375,no
12593,105.88235294117646,yes
12599,4.464975666666667,yes
12616,0.23333333333333334,no
12618,1.158764234375,yes
12620,2.8177176,yes
12626,3.36656545,yes
12636,1.6615244705882353,yes
12657,0.9096129375,no
12658,1.6819524347826087,yes
12690,1.39557265,yes
12763,2.1914176333333333,yes
12764,1.7344398340248963,yes
12766,3.6666666666666665,yes
12771,0.6946948275862069,no
12797,1.49216225,yes
12819,2.44791765,yes
12834,0.009503,no
12837,3.6315747272727275,yes
12877,0.3686542222222222,no
12920,1.23432375,yes
13007,5.5525268,yes
13025,2.682429,yes
13027,2.2258321125,yes
13051,2.440483,yes
13053,2.0665332933333334,yes
13056,0.2885724571428571,no
13067,1.3467049523809524,yes
13074,0.24941746153846153,no
13075,0.311403,no
13090,2.021797125,yes
13092,0.6402332962962963,no
13121,1.1753205,yes
13132,0.70302,no
13150,1.4480240333333334,yes
13156,1.5967522,yes
13159,1.04098005,yes
13160,2.1596074,yes
13179,0.1839902,no
13183,1.4250691,yes
13195,0.32254435,no
13198,0.473769,no
13201,0.6244618,no
13207,4.809423736842105,yes
13223,8.180552363636364,yes
13249,0.067516,no
13250,0.3716241,no
13256,0.08524228,no
13260,0.7996429636363637,no
13275,0.6729612307692308,no
13279,2.24106495,yes
13291,1.267373909090909,yes
13310,1.82050175,yes
13341,1.1417615666666667,yes
13362,0.304472,no
13369,5.284412571428572,yes
13374,1.02929336,yes
13387,3.6326516333333334,yes
13389,1.3076783166666666,yes
13403,0.6233383333333333,no
13411,2.2999469333333336,yes
13416,2.0650256666666666,yes
13429,1.0864013333333333,yes
13435,1.86940688,yes
13440,0.1182214,no
13448,3.2395387733333334,yes
13455,1.1687243947368422,yes
13460,0.6551875151515152,no
13475,2.5712029733333335,yes
13476,0.86942375,no
13483,3.8006603488372095,yes
13490,1.2471652857142856,yes
13495,0.8164456071428572,no
13496,0.3886031142857143,no
13498,0.5394406,no
13499,1.6006389333333333,yes
13506,3.558544090909091,yes
13508,1.222746,yes
13510,2.1471865,yes
13515,2.2139602,yes
13523,0.7936452105263158,no
13532,0.24636615384615385,no
13537,0.490792,no
13539,0.7230084666666666,no
13569,0.5918408333333334,no
13576,4.3530598,yes
13596,1.04056255,yes
13600,0.32599425454545455,no
13613,0.016765055555555554,no
13641,0.0858728,no
13673,1.6095413333333333,yes
13680,6.721842863636364,yes
13682,2.7843472,yes
13688,2.36503855,yes
13689,0.022234,no
13700,0.9450132818181818,no
13751,2.369928,yes
13763,11.11111111111111,yes
13767,9.230676833333334,yes
13768,1.289641,yes
13771,1.3030798333333333,yes
13778,1.3961462352941176,yes
13785,3.4492355,yes
13788,4.88805075,yes
13804,4.272520764705883,yes
13805,1.7408412,yes
13809,1.4299452777777777,yes
13811,3.67187172,yes
13812,3.4937311666666666,yes
13813,1.59860059375,yes
13820,2.5000533333333332,yes
13836,1.6367252461538462,yes
13856,0.026822,no
13885,3.05046146,yes
13920,1.5226750857142857,yes
13922,0.1346163875,no
13937,3.09750475,yes
13942,0.053298,no
13944,0.23148608,no
13950,1.8480817857142857,yes
13956,1.65649056,yes
13967,1.1963752333333333,yes
13969,0.3473028,no
13972,2.9542370303030303,yes
13973,1.3274863333333333,yes
13982,1.3342946666666666,yes
13990,0.48332916666666664,no
13996,0.963178,no
14001,1.11087035,yes
14012,1.4597578,yes
14024,0.9874653333333333,no
14034,1.2820690333333333,yes
14043,1.5333465,yes
14044,2.1875,yes
14048,2.956351052631579,yes
14054,0.2762693333333333,no
14057,0.28315311111111113,no
14112,0.38626014285714283,no
14113,0.35731965714285713,no
14120,1.1924041,yes
14144,3.0349786666666665,yes
14160,4.1791013942857145,yes
14161,3.848397365,yes
14164,1.9165899666666666,yes
14175,1.8339539142857142,yes
14177,1.534054,yes
14181,3.197070777777778,yes
14191,1.91491275,yes
14195,0.1953882,no
14199,1.4398531,yes
14202,1.3671565979381444,yes
14220,0.3473542,no
14248,1.22990016,yes
14256,0.03250942857142857,no
14275,16.900872857142858,yes
14278,5.065654285714285,yes
14289,0.06666666666666667,no
14292,2.3016324285714287,yes
14295,9.022796666666666,yes
14299,0.7452096666666667,no
14306,4.0680396,yes
14317,2.42778948,yes
14324,0.14402739473684212,no
14326,2.8125020333333333,yes
14337,120.27514285714285,yes
14353,0.023398,no
14359,2.65955505,yes
14369,1.3442176363636364,yes
14373,22.5,yes
14395,3.0302737674418605,yes
14405,7.4640803,yes
14411,0.6774930333333333,no
14429,0.558596705882353,no
14434,0.9432436428571429,no
14435,6.715647866666667,yes
14438,66.946594,yes
14442,0.7825362,no
14444,5.870611458333333,yes
14451,2.4808275,yes
14462,1.20132455,yes
14517,0.24340325,no
14527,0.0725898275862069,no
14536,3.121326625,yes
14538,1.1069795,yes
14544,1.7433072,yes
14554,2.980330448465775,yes
14560,7.049735807692308,yes
14564,3.32074092,yes
14576,1.4020535294117646,yes
14578,1.1177654285714285,yes
14582,0.22266635,no
14623,0.5132989818181818,no
14628,4.93137,yes
14629,1.274076625,yes
14635,4.03467685,yes
14655,0.308647075,no
14703,4.0,yes
14709,5.1806876875,yes
14753,0.37755045,no
14756,1.8876083621311728,yes
14757,3.942958,yes
14758,0.262215,no
14797,0.6106178,no
14805,0.4420562571428571,no
14836,2.0766066333333333,yes
14844,0.5344336956521739,no
14846,0.7252790333333333,no
14869,1.7283943828571429,yes
14873,6.784,yes
14878,0.06975,no
14914,0.22520555,no
14968,6.0,yes
14976,1.4562895833333334,yes
15005,0.6769291,no
15013,0.06614842857142857,no
15028,1.491878,yes
15028,1.491878,yes
15045,1.8673585384615385,yes
15049,1.592588125,yes
15074,0.315611775,no
15092,1.72802885,yes
15121,34.904181219512196,yes
15159,1.0838718857142857,yes
15173,1.8291985,yes
15186,1.719402,yes
15189,3.3428628,yes
15206,0.8914162857142857,no
15237,1.2349664,yes
15250,3.8256573076923077,yes
15268,0.7091222777777778,no
15373,3.2795103214285715,yes
15384,1.5132403125,yes
15472,8.030397692307693,yes
15489,4.8049793076923075,yes
15512,2.1800564,yes
15516,111.11111111111111,yes
15544,0.06778166666666667,no
15566,0.3287472,no
15568,0.3374151111111111,no
15624,1.1769844444444444,yes
15644,0.8306036,no
15647,6.230040666666667,yes
15655,3.2053266666666667,yes
15660,5.0064522,yes
15708,1.01848,yes
15720,0.30867553846153845,no
15745,1.095212,yes
15767,0.4701180512820513,no
15907,0.08289916666666666,no
15992,0.06298144,no
16028,0.9488461764705882,no
16072,0.23498065454545455,no
16162,3.8415311111111112,yes
16186,9.209491454545455,yes
16211,3.5384615384615383,yes
16232,0.7275765333333334,no
16290,8.55,yes
16296,21.8125475,yes
16300,1.4527857551020409,yes
16320,0.971227425,no
16340,3.4430377,yes
16353,0.5055366666666666,no
16428,1.3902574444444444,yes
16523,1.00086793,yes
16538,2.29092465,yes
16558,1.3513261,yes
16577,0.6405575846153846,no
16614,1.7911280612244898,yes
16617,0.8762244814814815,no
16642,1.2202933333333332,yes
16643,0.421825,no
16651,0.680002,no
16690,1.195,yes
16781,10.551479833333334,yes
16866,1.5092443142857144,yes
16869,4.286075853333333,yes
16871,3.0462829,yes
16933,10.0,yes
16941,0.9712596,no
16958,1.734577922077922,yes
16988,0.5063420588235295,no
16991,1.508272111111111,yes
16995,1.4805368333333333,yes
16996,6.8133738,yes
17047,1.1039647307692309,yes
17130,5.095085833333333,yes
17134,0.8653324,no
17182,2.659635,yes
17186,0.10841833333333334,no
17287,0.05027333333333334,no
17335,3.691517,yes
17360,2.7453418,yes
17379,0.9631832666666666,no
17431,2.1352146,yes
17473,1.6094216666666668,yes
17578,2.755111637037037,yes
17610,0.9600787166666667,no
17622,0.0997921,no
17654,7.027320366666666,yes
17692,4.2920514634146345,yes
17699,2.46,yes
17707,0.44463064,no
17708,2.2832820909090907,yes
17720,2.0097560975609756,yes
17808,3.7579689,yes
17820,3.3200765521390556,yes
17880,2.233899,yes
17908,5.113617,yes
17917,4.0,yes
17920,0.675393875,no
17927,0.9304285,no
17979,1.62643323,yes
18019,1.893719806763285,yes
18030,2.321951219512195,yes
18041,0.52463625,no
18065,3.3908396666666665,yes
18074,0.41346575,no
18126,5.1841906,yes
18162,0.68777554,no
18191,0.0241719,no
18206,0.844377,no
18228,5.2202265,yes
18238,1.810451,yes
18239,14.19654924,yes
18240,7.934375775,yes
18276,0.5483332,no
18281,0.8310160427807487,no
18283,1.3920620583390892,yes
18289,1.5076396,yes
18299,2.380952380952381,yes
18320,0.7831396857142857,no
18360,2.7540411333333332,yes
18405,3.0321957333333334,yes
18467,0.002048,no
18480,3.304900738095238,yes
18487,1.50166126,yes
18501,0.8165708,no
18516,0.0090909,no
18533,11.75548695652174,yes
18550,0.796,no
18570,4.731944,yes
18615,0.13577910714285715,no
18651,1.5259197324414715,yes
18681,1.217391,yes
18701,0.8049280555555556,no
18736,0.6631196470588235,no
18770,2.1379310344827585,yes
18785,13.3566832,yes
18823,3.945719944,yes
18900,3.716443142857143,yes
18923,0.23830076923076923,no
18925,102.43159,yes
18937,0.385,no
18975,1.4557812,yes
19084,2.607229916666667,yes
19170,1.0616438356164384,yes
19213,0.18751048192771083,no
19255,0.4813340952380952,no
19265,2.3398543333333333,yes
19344,0.005382,no
19382,2.5842399,yes
19386,3.943424,yes
19403,0.0086,no
19405,4.445147,yes
19414,3.971830985915493,yes
19556,0.7855098333333334,no
19585,1.95211894,yes
19606,2.6315789473684212,yes
19610,12.0,yes
19644,3.564511411764706,yes
19731,24.916943521594686,yes
19766,4.697916666666667,yes
19840,0.910141,no
19898,0.425835775,no
19899,2.8741737166666668,yes
19901,2.5708232,yes
19908,4.338624576271187,yes
19912,4.654178475,yes
19913,8.096364533333333,yes
19957,3.1153846153846154,yes
19959,1.53055965,yes
19994,1.9964625625,yes
19995,11.763565767932489,yes
20009,0.5402016363636364,no
20178,0.029575,no
20352,7.871217173913044,yes
20411,0.0142706,no
20442,3.0531324345757334,yes
20455,3.3286382,yes
20483,0.9422007777777778,no
20504,1.9638469375,yes
20526,2.3533103705882352,yes
20533,0.23452544680851065,no
20616,3.4364995,yes
20662,1.608348705,yes
20675,0.8782608695652174,no
20694,0.52815148,no
20714,1.88436325,yes
20737,9.262883,yes
20764,0.0435628,no
20770,0.3246575,no
20794,0.420488,no
20829,0.9544698,no
20849,1.1678240740740742,yes
20856,1.286245688888889,yes
20857,2.082312380952381,yes
20862,3.8783085,yes
20943,5.402602815789474,yes
21074,1.5353944,yes
21208,3.9384714,yes
21301,3.6650729444444443,yes
21311,0.4203529117647059,no
21355,0.31813149122807016,no
21525,26.028413333333333,yes
21610,3.98,yes
21717,3.4375,yes
21724,1.28371044,yes
21765,2.665424529411765,yes
21876,2.4262152777777777,yes
21925,0.05188,no
21972,2.0810807666666666,yes
22051,0.883934375,no
22074,0.95607655,no
22314,2.2101755714285716,yes
22327,1.0936437777777779,yes
22345,3.0284965833333333,yes
22387,14.67806611570248,yes
22479,0.13157894736842105,no
22538,0.565373694117647,no
22617,0.537752,no
22681,2.6666666666666665,yes
22787,0.34860348571428573,no
22792,3.1666666666666665,yes
22794,2.43006126,yes
22796,0.91552955,no
22798,1.108869,yes
22803,2.53381452,yes
22804,6.341127454545455,yes
22805,0.0723388,no
22832,1.24419784,yes
22881,10.66235548275862,yes
22894,2.6122560769230767,yes
22897,2.577690058823529,yes
22907,3.45278475,yes
22947,6.67370956,yes
22949,2.764391314285714,yes
22954,2.0752335166666667,yes
22970,2.1967655666666666,yes
22971,4.59908416,yes
22972,0.94882549,no
23023,2.3429689166666665,yes
23047,2.2906807,yes
23048,1.8329290833333334,yes
23049,1.2038356470588236,yes
23168,4.162868540540541,yes
23169,3.5316325,yes
23330,1.3451903794136368,yes
23367,0.64839145,no
23398,5.9085334,yes
23437,3.24,yes
23483,3.2062967666666666,yes
23574,0.99081,no
23618,2.942392769230769,yes
23629,1.095030512195122,yes
23631,4.199363428571429,yes
23685,0.029471546666666668,no
23706,2.6751506,yes
23728,8.008794326241135,yes
23742,1.5110786486486487,yes
23759,0.5678990833333334,no
23827,12890.386666666667,yes
23861,0.995945945945946,no
23954,1.7680108333333333,yes
23963,0.021277333333333332,no
24021,10.271931573529411,yes
24066,1.7007223529411766,yes
24113,0.1151641,no
24150,2.6280978,yes
24356,0.07404466666666666,no
24363,0.233053,no
24402,200.0,yes
24420,2.5985746666666665,yes
24424,2.721096,yes
24428,6.902704136363637,yes
24438,1.4703491379310345,yes
24469,1.9740973333333334,yes
24621,1.4063752222222223,yes
24664,0.2373937,no
24751,2.0,yes
24803,3.238512475,yes
24831,26.666666666666668,yes
24873,1.8827967777777779,yes
24927,2.0717826666666666,yes
25009,2.6645182081856267,yes
25132,1.49354005,yes
25166,0.12465566666666666,no
25189,1.7393435238095238,yes
25195,1.7167852631578948,yes
25196,5.578500117647059,yes
25209,2.1253533963863687,yes
25212,0.46455875,no
25221,0.5800611,no
25248,0.3259857692307692,no
25312,0.3889535294117647,no
25350,0.0290875,no
25376,16.9829215,yes
25462,1.7224192307692308,yes
25475,0.2860755,no
25508,29.850746268656717,yes
25509,1.2651209677419355,yes
25550,1.082214765100671,yes
25560,3.0,yes
25633,1.353811149032992,yes
25636,0.6750192,no
25643,2.0073896666666666,yes
25676,1.2163201785714286,yes
25704,0.4374162,no
25914,2.5560375994215474,yes
25941,1.6470693150684932,yes
26022,3.52878,yes
26174,5.555555555555555,yes
26175,6.436730869338886,yes
26320,0.3471160689655172,no
26379,2.2770423255813954,yes
26388,6.38416,yes
26389,1.0158960384615385,yes
26390,2.3078372352941177,yes
26428,0.5488868857142857,no
26516,6.972602739726027,yes
26518,1.3330266666666666,yes
26618,0.28207575,no
26688,2.13886376,yes
26701,1.570702402957486,yes
26815,4.998847663551402,yes
26838,1.4197396963123645,yes
27017,5.450124688279302,yes
27022,1.01324,yes
27064,0.1037684,no
27205,5.159579775,yes
27275,5.24,yes
27367,15.754166666666666,yes
27432,4.56459,yes
27563,0.4142670157068063,no
27569,0.5105478709677419,no
27573,3.40833805,yes
27576,2.6682118545454547,yes
27578,3.430879925,yes
27579,3.39381405,yes
27581,1.70432927,yes
27582,1.549518225,yes
27585,1.0258116,yes
27588,0.010357692307692307,no
27683,3.25,yes
27793,0.07831811764705883,no
27936,0.2799267142857143,no
28000,1.75,yes
28053,1.3622476666666667,yes
28178,2.8125,yes
28211,0.910087,no
28313,0.5,no
28355,1.0656972962962963,yes
28426,3.229813664596273,yes
28431,3.2956481264637003,yes
28665,4.457089944444444,yes
28732,7.5,yes
29244,2.285599356395817,yes
29380,2.717228498826116,yes
29426,0.0965195,no
29427,2.8222767,yes
29912,6.4,yes
29963,2.0258930588235295,yes
29967,0.8051150895140665,no
30036,3.610071942446043,yes
30082,0.115046,no
30204,2.611940298507463,yes
30298,1.0317460317460319,yes
30588,0.75,no
30630,0.5164714494875549,no
30631,1.5058365758754864,yes
30943,0.727774552631579,no
31007,0.0355919,no
31011,0.04961108510638298,no
31117,0.46776845,no
31174,0.456449347826087,no
31175,4.764789591836735,yes
31357,0.9,no
31510,1.288974358974359,yes
31526,1.6543985637342908,yes
31623,8.37916615573268,yes
31681,0.7783132530120482,no
31867,0.57530909375,no
31935,0.2544,no
32091,0.2959371,no
32456,2.315026,yes
32489,6.666666666666667,yes
32499,2.164955070603338,yes
32657,2.384181147368421,yes
32823,2.286396875,yes
32850,0.8751937984496124,no
32856,4.163185653846154,yes
32985,0.43199944444444444,no
33112,1.9419382504288165,yes
33217,5.046699866666667,yes
33273,3.386049649122807,yes
33454,1.9274285714285715,yes
33511,4.097488947368421,yes
33521,2.567889838868793,yes
33542,5.2998532,yes
33680,1.9414285714285715,yes
33762,0.6192448275862069,no
33811,1.212283044058745,yes
33870,1.4411909444444444,yes
33909,1.9249717285714285,yes
34016,2.43404885,yes
34043,0.4690802,no
34148,12.5,yes
34233,1.4285714285714286,yes
34544,1.6112617818181818,yes
34563,1.5293247142857143,yes
34584,3.7037037037037037,yes
34647,0.091704875,no
34651,1.526584122359796,yes
34806,2.2136288,yes
34851,3.1808277,yes
35019,2.794281857142857,yes
35032,0.798918918918919,no
35056,2.768434181818182,yes
35080,0.5209991428571429,no
35169,1.124005057142857,yes
35545,2.3225806451612905,yes
35688,3.0336986,yes
35690,4.6339474,yes
35691,1.0791506666666666,yes
35791,4.937027716666667,yes
36355,1.1983279670975324,yes
36362,4.963271788763152,yes
36419,0.8014211111111111,no
36557,3.9936397333333336,yes
36586,1.2685185185185186,yes
36643,2.68024,yes
36647,0.9466666666666667,no
36648,1.983159476923077,yes
36657,3.9511936933333334,yes
36658,3.706468627272727,yes
36668,2.1874264523809526,yes
36669,3.042050112676056,yes
36670,2.9055555555555554,yes
36679,0.8970085,no
36815,0.8166,no
36955,3.2946296608695653,yes
36970,1.0331429875,yes
37003,1.7446934666666667,yes
37034,0.17424465,no
37056,2.7382846,yes
37080,0.9338827142857142,no
37135,3.447629376923077,yes
37165,1.89,yes
37214,2.4958863126402395,yes
37222,3.5,yes
37232,0.7345338888888889,no
37233,6.434484928571429,yes
37247,33.333333333333336,yes
37257,3.0,yes
37430,0.7039570333333334,no
37495,0.6496296,no
37498,1.2571428571428571,yes
37565,1.2443144444444445,yes
37686,5.19426638,yes
37707,0.8952486333333334,no
37710,2.78346189,yes
37724,5.542805065,yes
37735,9.369038125,yes
37737,1.8646948913043477,yes
37786,2.88347692,yes
37799,5.623007875,yes
37821,1.3087995066666667,yes
37834,2.212003948717949,yes
37861,0.12835315789473684,no
37931,0.8629895,no
37950,1.0952432727272727,yes
37958,3.025386893333333,yes
38031,2.2831877333333335,yes
38033,0.3408176666666667,no
38047,0.038327,no
38050,2.5471987848605577,yes
38055,2.476044346153846,yes
38093,1.8223054166666666,yes
38117,2.5391512352941175,yes
38167,3.2628923,yes
38303,1.6002624,yes
38317,2.1231594875,yes
38319,0.4981258116232465,no
38321,1.3051521833333333,yes
38322,2.5839395625,yes
38356,5.762805107692308,yes
38357,1.5010244,yes
38358,37.63227222222222,yes
38365,3.3928773625,yes
38407,0.31011844,no
38408,2.780229105263158,yes
38448,0.046462083333333334,no
38543,0.21189644,no
38575,8.97815055,yes
38579,1.7979186,yes
38687,1.7640750670241288,yes
38745,2.1194886071428574,yes
38757,2.272007446153846,yes
38761,4.124358888888889,yes
38778,1.2579203188405796,yes
38810,4.252034055727554,yes
38842,1.1133456818181817,yes
38843,1.8313080666666666,yes
38985,0.75,no
39013,6.9157515,yes
39053,1.4375565714285714,yes
39055,0.0721108,no
39141,21.800853333333333,yes
39180,2.691097,yes
39210,1.990987,yes
39254,2.5150363636363635,yes
39256,7.426121,yes
39264,2.3729552631578947,yes
39349,1.8423914,yes
39451,3.10650585,yes
39466,1.5673349514563106,yes
39468,1.3416072289156626,yes
39486,1.7214677428571428,yes
39513,2.52905265,yes
39514,3.2086206896551723,yes
39538,2.25763495,yes
39691,1.3233384,yes
39781,9.915957142857144,yes
39833,9.0,yes
39845,0.00584596,no
39939,19.205118333333335,yes
40220,116.66666666666667,yes
40247,1.5233926666666666,yes
40264,4.0712494,yes
40805,1.8984770666666666,yes
40807,4.898472875,yes
40916,3.3054301617215236,yes
41110,1.5132211,yes
41154,2.773452337777778,yes
41216,1.750917375,yes
41233,5.309726966666667,yes
41402,1.41351995,yes
41436,59.17067733333333,yes
41439,6.8075217,yes
41446,2.42594025,yes
41513,5.124993845454545,yes
41515,2.5198017625,yes
41517,1.4583333333333333,yes
41579,0.8246054666666667,no
41609,1.8801966919982118,yes
41630,5.9112176,yes
41733,3.2581665230769232,yes
41841,0.34375,no
41857,2.696629213483146,yes
42057,0.1642939,no
42188,0.6303488,no
42193,0.4,no
42297,1.6276322363636364,yes
42366,11.243150564174893,yes
42525,0.11636363636363636,no
42615,1.3577023498694516,yes
42684,7.8693371,yes
42744,21.978021978021978,yes
42767,3.0789115646258503,yes
42792,13.333333333333334,yes
42812,1.2925531914893618,yes
42888,0.41356814166666667,no
43039,52.980132450331126,yes
43041,2.026529108327192,yes
43074,1.3457366458333333,yes
43138,1.994866153281995,yes
43176,1.6489674205508735,yes
43329,4.838709677419355,yes
43347,3.4273336,yes
43384,3.121031746031746,yes
43388,4.4087688219663415,yes
43418,0.38232655555555556,no
43434,0.008722333333333334,no
43506,3.2536534446764094,yes
43539,1.9271043142857143,yes
43593,3.4661735416666666,yes
43604,1.8429329663849028,yes
43610,3.748148148148148,yes
43805,1.1763554789409962,yes
43874,1.135935397039031,yes
43881,10.094397692307693,yes
43923,0.82911875,no
43931,0.6690988,no
43933,11.27946,yes
43935,0.30468625,no
43942,0.05960931034482759,no
43947,0.2864045,no
43949,0.3064280714285714,no
43959,2.616055,yes
43961,2.3303330333033303,yes
43962,1.2883973288814692,yes
44009,2.500701625,yes
44040,6.2695489,yes
44048,1.67805466,yes
44092,0.8110164285714285,no
44113,0.18477363636363636,no
44115,3.374377611111111,yes
44134,1.4415781487101669,yes
44147,0.431630375,no
44214,25.338311230769232,yes
44264,6.6388665,yes
44289,1.377391304347826,yes
44560,4.01171316,yes
44564,0.9960280857142857,no
44603,2.1039527,yes
44629,1.9234959523809523,yes
44639,3.935761,yes
44683,0.31065005714285715,no
44711,1.6900536524969048,yes
44718,1.5469007142857143,yes
44754,0.04452085714285714,no
44766,1.817295188556567,yes
44826,0.7720933333333333,no
44833,1.4489773205741627,yes
44865,1.660019067357513,yes
44896,1.8175953629629629,yes
44912,1.09925586,yes
44943,3.0259907714285714,yes
45094,0.9461584,no
45132,0.2375732,no
45243,7.2683038125,yes
45269,27.6,yes
45272,1.3686129333333332,yes
45317,5.16763476,yes
45324,0.18177488,no
45610,0.0368211,no
45612,3.8524568125,yes
45649,0.20074,no
45658,0.564202,no
45712,0.1655831,no
45772,1.13125,yes
45800,6.196993006993007,yes
45958,0.7053578285714286,no
46138,1.9555245,yes
46189,1.380484114977307,yes
46193,3.0381205673758864,yes
46195,5.384841777777778,yes
46261,1.56505708,yes
46503,0.04368085,no
46528,0.2463904222222222,no
46529,2.49797395,yes
46623,0.8900571850212138,no
46689,0.19420466666666666,no
46705,3.5302097142857143,yes
46738,1.8525308823529412,yes
46829,0.2948525,no
46838,1.0953586,yes
46849,0.028904,no
47310,0.27666666666666667,no
47327,0.82085166,no
47607,8.48298,yes
47692,0.1313512,no
47890,1.14,yes
47933,2.2606784,yes
47964,3.301344510869565,yes
47971,4.060561929411764,yes
48034,1.93301528,yes
48138,4.359546566666666,yes
48156,1.0912698412698412,yes
48171,2.625513162162162,yes
48289,2.2818184,yes
48340,3.6314407,yes
48492,3.978714230769231,yes
48572,0.495899,no
48838,0.27489612,no
48988,2.310020388888889,yes
49010,0.2783176666666667,no
49012,1.143384925,yes
49013,2.79926198,yes
49014,0.2957832195121951,no
49017,3.1017754285714285,yes
49018,64.67276666666666,yes
49020,2.411545789473684,yes
49021,0.9344149428571429,no
49022,1.8597377428571429,yes
49026,4.339756396,yes
49040,2.209158,yes
49047,7.16386615,yes
49049,1.0179007142857144,yes
49051,1.2366666666666666,yes
49158,4.0,yes
49365,1.4893617021276595,yes
49444,4.43794854,yes
49494,1.0848816,yes
49519,4.334548296296297,yes
49520,1.4582359038461539,yes
49521,2.969091191111111,yes
49524,0.602494,no
49526,0.8969486,no
49527,1.1005045,yes
49529,1.1365564,yes
49530,4.3482649,yes
49538,2.2038543125,yes
49730,2.1500105238095237,yes
49849,1.0725296012269938,yes
49852,0.1797662111111111,no
49948,1.135932125,yes
49950,2.5307974375,yes
49963,1.615787,yes
50014,8.46432448,yes
50321,0.26366505333333334,no
50348,2.17862715,yes
50357,5.3035638,yes
50359,2.935306873015873,yes
50456,2.1260692666666667,yes
50474,0.6307692307692307,no
50544,4.272635571428571,yes
50546,2.6868198875,yes
50601,0.007316083333333333,no
50619,6.4742896,yes
50620,6.938833641666666,yes
50646,2.85702394,yes
50647,0.7433825846153846,no
50698,1.0759435,yes
50725,0.3987686315789474,no
50837,5.438911,yes
50839,5.567142,yes
51017,2.16645148,yes
51052,1.47419472,yes
51162,1.5168345333333333,yes
51166,6.666666666666667,yes
51497,5.0091014,yes
51533,5.796493722222222,yes
51540,5.989673114285714,yes
51588,1.345397875,yes
51739,6.329166391304348,yes
51828,3.9592955333333335,yes
51876,5.994424259259259,yes
52015,0.1698705,no
52032,0.88826,no
52067,0.7862131,no
52449,10.8098746,yes
52451,1.7636597866666666,yes
52520,2.2873238714285713,yes
52959,0.7142857142857143,no
53113,0.8902732,no
53182,3.0101277363636365,yes
53263,0.1968246111111111,no
53457,1.7572435172413794,yes
54028,2.1019637462235647,yes
54054,0.922343025,no
54138,2.4598170842105263,yes
54318,2.6159047,yes
54518,7.618217461538461,yes
54540,5.291666666666667,yes
55123,5.731307692307692,yes
55301,4.569272466666667,yes
55306,5.777777777777778,yes
55347,4.4724065625,yes
55420,12.01588,yes
55604,7.526456009913259,yes
55616,0.07397363636363637,no
55720,0.1863419,no
55721,8.85532036923077,yes
55779,3.947191075,yes
55787,3.081444789473684,yes
56164,6.778052665469211,yes
56288,3.1690485185185184,yes
56292,4.79112675862069,yes
56601,0.31031944,no
56715,0.404305,no
57089,0.7784250666666667,no
57120,0.934964,no
57157,1.9115855833333333,yes
57158,0.9288888888888889,no
57165,2.035133886666667,yes
57201,1.2116377441860464,yes
57212,2.690679984848485,yes
57214,8.41098875,yes
57800,9.211740410526316,yes
58224,3.1036363636363635,yes
58233,3.656436888888889,yes
58244,0.3697826,no
58431,0.5825476785714285,no
58574,4.278787344,yes
58595,2.3317482529411766,yes
58882,1.8913675,yes
59108,2.0390749733333333,yes
59401,0.6585365853658537,no
59436,8.889365823529412,yes
59440,0.9222846,no
59678,0.49686023076923075,no
59859,2.2606112142857144,yes
59860,1.98338325,yes
59861,2.4002748333333335,yes
59961,2.4479553529411766,yes
59962,2.4075581384615385,yes
59965,2.4756674,yes
59967,5.550705266666666,yes
59968,5.1722498,yes
59981,0.24287181428571428,no
60243,48.0,yes
60304,4.4960695,yes
60307,3.448447333333333,yes
60308,2.20412432,yes
60420,14.925956,yes
60421,1.0655311111111112,yes
60422,0.24463175,no
60599,2.98589275,yes
60747,0.7838507076923077,no
60935,0.7218071052631579,no
61012,2.21934235,yes
61370,2.5,yes
61541,1.2474048442906573,yes
61791,5.042682569892473,yes
61891,0.5131695666666667,no
61934,1.2299771167048055,yes
62177,2.9123686864864866,yes
62204,4.42084464,yes
62206,1.463097,yes
62211,3.717798035,yes
62213,1.5614077333333334,yes
62214,1.720053,yes
62215,2.32098914893617,yes
62255,0.0004844615384615385,no
62320,89.586336,yes
62655,0.6314725940894165,no
62764,1.9141257882352942,yes
62835,1.80738155,yes
62837,2.578497216216216,yes
62838,2.5365113928571428,yes
63207,0.23170846153846153,no
63311,2.372488692307692,yes
63492,1.50818925,yes
63574,1.1330150545454545,yes
63727,1.7579444444444445,yes
64328,3.6707608222222223,yes
64635,1.587737344,yes
64682,3.3432420857142855,yes
64685,1.381197025,yes
64686,0.8673362228571428,no
64688,4.7996506666666665,yes
64689,2.4980394,yes
64690,5.0783444,yes
64720,0.6198628,no
64807,1.1226815,yes
65057,8.86215925,yes
65086,7.513572705882353,yes
65203,4.110817941952506,yes
65488,1.816,yes
65546,2.06,yes
65749,1.2063082222222221,yes
65754,2.584638111111111,yes
65759,1.1141219703703704,yes
66125,2.299757582417582,yes
66942,0.008943103448275862,no
66966,3.3333333333333335,yes
67660,8.005875583333333,yes
67675,2.073693111111111,yes
68179,1.864941075,yes
68718,4.25368238,yes
68721,6.07719997,yes
68722,0.8029408125,no
68724,2.0207652173913044,yes
68726,2.140759084210526,yes
68728,2.294473604651163,yes
68730,0.5160331086956522,no
68734,4.075451483146067,yes
68735,2.709609675,yes
68737,1.1644554210526317,yes
68817,2.6476386666666665,yes
68818,0.2705126666666667,no
69668,0.83284332,no
69977,1.7333333333333334,yes
70074,0.41087216363636364,no
70160,8.801708846153845,yes
70368,7.935127953324476,yes
70435,1.4509828695652174,yes
70436,0.8648113461538461,no
70586,0.1064093,no
70667,1.376077530120482,yes
70805,1.0007755555555555,yes
70806,23.80952380952381,yes
70868,1.0197692916666667,yes
70876,2.4,yes
70881,1.2491319444444444,yes
70981,3.1082852615384615,yes
71067,2.3198825,yes
71157,2.5555204494382022,yes
71469,2.1542262,yes
71552,4.67132814,yes
71668,1.6987456,yes
71676,2.3256829824561405,yes
71679,3.6947577692307694,yes
71688,8.842823,yes
71859,1.5378975714285714,yes
71864,2.107417,yes
71880,1.9053065443037975,yes
72105,10.06030974,yes
72113,1.10412276,yes
72190,2.8421467157894735,yes
72197,2.2115886363636363,yes
72207,1.7924836,yes
72213,17.592942,yes
72331,1.5452049130434782,yes
72359,0.6204777333333333,no
72387,1.385489,yes
72431,0.8683706551724137,no
72545,4.243801139240507,yes
72559,2.8903131153846155,yes
72570,6.537152333333333,yes
72571,41.4079688,yes
72710,1.583180025,yes
72976,4.2352838461538465,yes
73501,1.27566,yes
73567,0.3331880909090909,no
73576,0.8423429411764706,no
73723,4.792016542857143,yes
73873,0.941532375,no
73935,0.00592575,no
73981,6.913333333333333,yes
74465,2.40163682,yes
74510,10.283248,yes
74534,13.4388807,yes
74536,0.0890008,no
74643,8.866666666666667,yes
74725,0.5777575,no
74777,0.12221428571428572,no
75174,3.09113324,yes
75258,1.9296513714285715,yes
75531,0.0009279772727272727,no
75612,2.3847381,yes
75656,4.689653186666667,yes
75674,6.625099416666667,yes
75780,3.6390099166666667,yes
75900,3.4240572,yes
76117,4.0,yes
76163,3.12573423,yes
76170,3.446353975,yes
76203,8.9206919,yes
76285,2.2056666666666667,yes
76338,3.792842,yes
76341,2.5175756933333333,yes
76349,4.439683333333333,yes
76487,135.67798666666667,yes
76492,4.0812209882352946,yes
76493,2.759685123076923,yes
76494,2.10960005,yes
76617,2.36209725,yes
76640,0.8262949555555555,no
76649,1.4728953875,yes
76714,1.5065502183406114,yes
76726,10.431126333333333,yes
76757,1.0448166079545456,yes
76758,1.0106382978723405,yes
77016,6.875197714285714,yes
77174,1.6733841833333334,yes
77223,0.06,no
77412,1.0544354838709677,yes
77866,3.85048848,yes
77877,3.69828552,yes
77883,4.992849428571429,yes
77915,2.641509433962264,yes
77930,23.888795857142856,yes
77931,3.3099558095238097,yes
77948,0.5484373,no
77950,2.093116162962963,yes
77951,1.632259125,yes
77953,1.1042920631578947,yes
77987,2.0299454166666666,yes
78307,0.951264,no
78381,0.18119228571428572,no
78461,2.8767123287671232,yes
78698,0.631717,no
79180,1.9024390243902438,yes
79316,5.163726714285715,yes
79777,0.03916869230769231,no
80035,1.0039391470588235,yes
80241,2.52262443438914,yes
80274,1.1412471909090909,yes
80278,4.006091622222222,yes
80280,1.58569484375,yes
80304,1.4078253333333333,yes
80321,2.597217393103448,yes
80585,0.7922481733333333,no
80591,0.13614686666666667,no
80806,2.8489620615604867,yes
81005,1.0137825794871795,yes
81188,2.0945707448275863,yes
81220,0.01578,no
81512,2.2768865121806297,yes
81699,1.340390431674457,yes
81796,1.6102015,yes
81829,2.909090909090909,yes
81836,3.457023953488372,yes
81870,2.5535805714285713,yes
82096,1.1826821541710666,yes
82505,5.868700724637681,yes
82507,29.242602333333334,yes
82525,1.8436922666666666,yes
82532,0.4708127,no
82533,0.441433,no
82631,0.3023948947368421,no
82633,2.064483846153846,yes
82650,3.505098909090909,yes
82654,3.3423046285714286,yes
82675,8.358695688888888,yes
82679,0.8155258571428572,no
82682,1.7533483833333334,yes
82684,0.41504105,no
82687,1.04651535,yes
82690,2.4935510848484848,yes
82693,10.210616238095238,yes
82695,7.242783114754098,yes
82696,3.8093683666666665,yes
82700,1.8757163615384616,yes
82702,4.286465648275862,yes
82703,0.6759107379310345,no
82838,0.982028241335045,no
82990,23.9133148,yes
82992,4.9292490625,yes
83099,2.0776315789473685,yes
83389,2.7744474545454545,yes
83542,1.2792438039215686,yes
83664,0.8650793650793651,no
83665,2.5507765830346476,yes
83666,4.141493625,yes
83686,2.2052435,yes
83770,0.37253208,no
84174,3.9826513333333335,yes
84175,6.410891666666667,yes
84188,3.0766666666666667,yes
84200,1.6306917647058823,yes
84204,0.08317377358490566,no
84332,5.896424,yes
85350,10.80936625,yes
85446,5.0167360606060605,yes
86004,2.1792499878297464,yes
86225,1.7614879649890591,yes
86812,3.181096296296296,yes
86825,0.7797493333333333,no
86829,2.994119909090909,yes
86834,2.560116416,yes
86837,3.353343033707865,yes
86838,1.2948174,yes
87093,2.1059366,yes
87101,2.842603464516129,yes
87421,2.4639182631578946,yes
87428,0.8294052428571429,no
87492,0.6633600833333333,no
87502,5.21846370967742,yes
87818,3.1164747,yes
87825,0.8160522833333334,no
87826,1.7437918571428572,yes
87827,5.0751380416666665,yes
88005,1.1766959,yes
88042,4.79088928,yes
88751,5.3776700222222225,yes
88794,2.1973151428571427,yes
89325,0.10002883333333333,no
89484,2.790473132279973,yes
89492,2.5159653142857143,yes
90369,4.282872,yes
90406,0.7174982431482783,no
90968,0.9497645211930926,no
91245,1.9666944213155704,yes
91314,5.1971671285714285,yes
91419,2.548458149779736,yes
91586,32.3838636,yes
92182,8.30538,yes
92401,11.428571428571429,yes
92834,4.651492,yes
93061,10.0,yes
93456,10.960109539473684,yes
93856,38.39002,yes
94348,0.9882403428571429,no
94352,1.12051448,yes
94533,1.4658774373259054,yes
95610,4.953122857142857,yes
95874,2.9272151898734178,yes
95956,0.5650224215246636,no
96399,0.9015645833333333,no
96713,2.0660377358490565,yes
96721,2.3749374736842106,yes
97020,2.42688965,yes
97365,1.5073658461538462,yes
97430,1.3147496666666667,yes
97630,3.3205179,yes
98357,0.9851441428571429,no
98399,2.2857142857142856,yes
98548,0.78248775,no
98566,3.817638032,yes
99627,1.4481185860889396,yes
99861,5.620143068,yes
100042,4.852486,yes
100241,1.0521679692307693,yes
100402,4.204509247058824,yes
101173,0.1049641,no
101267,2.6793084166666667,yes
101299,6.653176638461538,yes
101557,1.8138901497957332,yes
102091,2.4485420240137223,yes
102286,0.8752475247524752,no
102362,0.6533324666666667,no
102382,3.51832032,yes
102651,4.2133909888888885,yes
102899,3.995732023076923,yes
103328,1.0576065,yes
103332,1.141032875,yes
103370,3.3449621,yes
103663,4.818366578947368,yes
103731,3.1556959,yes
104430,0.9333333333333333,no
105864,1.659630735,yes
106017,1.0798319327731092,yes
106646,3.92000694,yes
106747,0.75040805,no
107811,3.506336923076923,yes
107846,2.74656602,yes
107985,2.30446435,yes
108812,0.7713199348180336,no
108923,1.6350148367952522,yes
109091,2.84037336,yes
109410,2.436767525,yes
109414,3.77423,yes
109417,0.82747385,no
109418,2.8239687875,yes
109421,2.1124252333333335,yes
109424,3.9780329272727273,yes
109428,5.737820705882353,yes
109431,4.970428857142857,yes
109439,0.7980970873786408,no
109441,2.4609218436873745,yes
109443,3.45905414,yes
109445,7.79496572,yes
109451,3.5169993461538462,yes
109491,1.0008689666666666,yes
110415,2.2132375510204083,yes
110465,2.6100536847242557,yes
111237,0.6545454545454545,no
111390,1.8263829787234043,yes
111440,18.0,yes
111470,1.7236002834868887,yes
111794,9.135151515151515,yes
112205,2.613960366666667,yes
112284,0.5817694369973191,no
112949,3.485505,yes
113947,9.138338,yes
114083,2.464578672632364,yes
114150,6.649533823529412,yes
114618,1.0843605546995378,yes
115111,0.17378048780487804,no
115210,0.0317775,no
115348,0.404339825,no
115782,2.4112508333333333,yes
116149,3.983790581818182,yes
116711,2.68426634,yes
116741,1.6119455862068965,yes
116745,2.0903702444444443,yes
116780,1.5373961218836565,yes
116977,0.0016379111111111111,no
117251,1.36911158,yes
117263,2.300366285714286,yes
118340,4.55398,yes
118517,1.6004842615012107,yes
119283,0.5033326,no
119450,4.169621111764706,yes
119892,1.819,yes
120467,6.98401272,yes
120831,1.4979508196721312,yes
121826,5.410936181818182,yes
121856,1.624143984,yes
121986,3.755837,yes
122081,6.2298502,yes
122857,0.12193973913043478,no
122906,7.25837075,yes
122917,3.820479152,yes
123553,1.5094236833333334,yes
123678,0.722274,no
124905,3.174479625,yes
125052,0.735164,no
125490,0.039808709677419354,no
126889,2.201567412371134,yes
126919,1.2672322375397667,yes
127380,5.135943085,yes
127501,7.989561739130435,yes
127564,1.4064120697784064,yes
127585,3.74060767,yes
129670,1.4712426666666667,yes
130150,0.7883227777777778,no
131631,6.016801832,yes
131634,4.03968129375,yes
132232,7.321409,yes
132316,3.675,yes
132344,7.793659666666667,yes
132363,5.886630266666667,yes
133805,2.8263559333333332,yes
133931,1.72273155,yes
134374,3.314434269230769,yes
134411,3.8549782666666665,yes
134908,0.005,no
135397,11.136004246666667,yes
136400,2.162957557377049,yes
136418,0.5910205652173913,no
136795,5.347227232558139,yes
136797,3.0799641818181818,yes
136799,2.63585764,yes
137093,4.8000875,yes
137094,2.2585171666666666,yes
137106,7.801011533333333,yes
137113,2.0457429606741573,yes
137116,3.2863924333333334,yes
137321,0.5133371833333333,no
138103,2.2688953666666665,yes
138697,10.150252,yes
138832,7.297138351351351,yes
138843,12.9927637,yes
139038,24.0566732,yes
140300,1.3663038206896552,yes
140607,8.271995771428571,yes
140823,2.8711488,yes
141052,0.9301657,no
142159,2.0551724137931036,yes
144336,0.5002433714285714,no
144340,1.4410512307692307,yes
145135,7.9154602857142855,yes
145220,1.60766226,yes
145691,1.4938488576449913,yes
146198,1.2971896,yes
146203,3.0358604,yes
146216,1.7628043452380953,yes
146227,0.6563327222222223,no
146233,2.6549279782608695,yes
146238,2.0891698333333335,yes
146239,2.7131215,yes
146301,7.8099553,yes
146304,4.284453529411764,yes
147441,1.9091566857142857,yes
147886,0.9836144578313253,no
149870,4.548474,yes
150202,0.5697148888888889,no
150540,4.865474565714286,yes
150689,5.721203715789474,yes
151310,1.8329532497149372,yes
151590,1.222412763386293,yes
151960,4.39577424,yes
152532,11.039657,yes
152599,0.366730375,no
152601,2.058750043478261,yes
152737,2.94982952,yes
152747,1.5141687777777777,yes
152748,0.2150018,no
152760,2.2747374285714286,yes
153518,4.734764712328767,yes
154400,1.480823888888889,yes
156022,3.477358872727273,yes
157336,4.0916364666666665,yes
157350,3.2346498705882354,yes
157353,0.90022309,no
157354,19.499605555555554,yes
157547,7.0492586,yes
157843,0.041113583333333335,no
157849,2.103657,yes
158011,5.274798307692308,yes
158015,29.776209,yes
158852,0.1731578947368421,no
159014,5.892661,yes
159824,5.617506,yes
160220,0.12418571428571429,no
160588,5.511456388888889,yes
161297,2.5635103926097,yes
161495,0.013636363636363636,no
164372,2.0,yes
164457,0.7015625,no
164558,6.8532898,yes
166424,1.3998133,yes
166426,3.434159547826087,yes
167073,5.643285545454545,yes
168259,7.973935110526316,yes
168530,6.13048736,yes
168672,6.279295175,yes
168705,0.04864444,no
170687,1.7944744,yes
171274,0.55554875,no
172385,4.856198398058252,yes
172391,1.35936875,yes
172533,0.8142,no
172908,0.7651282051282051,no
173224,0.012936,no
173672,7.2,yes
173897,7.825,yes
174751,0.11906544,no
175027,1.4984802431610942,yes
175528,2.6924512941176473,yes
175541,0.4162934285714286,no
175574,2.0070376727272725,yes
175681,2.5992174399105648,yes
176216,0.376131221719457,no
177494,0.5808971666666667,no
177572,2.3006603515151514,yes
177677,4.548867593333333,yes
180296,0.027593333333333334,no
180863,1.8528838333333333,yes
181283,0.25902186,no
181330,12.9272204,yes
181533,2.8373653700787402,yes
182560,0.2545426,no
184098,2.9242261666666667,yes
184315,2.44819862,yes
184341,0.25160065,no
184345,6.33505,yes
184346,2.9312605,yes
185008,6.123791084337349,yes
186935,0.552614,no
187017,6.62667752,yes
187028,0.4202585714285714,no
188161,2.1497437,yes
188166,1.0361142857142858,yes
188207,0.8771777857142857,no
188222,1.6421134666666666,yes
188927,1.0898103567567567,yes
190859,9.30997231292517,yes
190955,0.09472439215686275,no
192102,1.8784999642857143,yes
192132,1.156309,yes
192133,0.1854148,no
192134,0.26535114285714284,no
192136,0.7995677142857143,no
192210,0.015823,no
192577,0.004783,no
193610,4.8596137,yes
193612,89.174335,yes
193613,0.5046058888888889,no
193756,3.8700728,yes
193893,8.130879470588235,yes
194662,5.734171888888889,yes
195589,14.897633333333333,yes
195590,0.11774516279069767,no
196867,2.0709424923076925,yes
198184,2.1306030204081634,yes
198185,1.56871648,yes
198277,7.933107625,yes
198663,9.834347764705882,yes
200505,1.1938992,yes
201085,1.372119909090909,yes
201088,0.2792631285714286,no
203793,2.2748420333333335,yes
203801,1.4646014533333334,yes
203833,3.0276453684210525,yes
204082,2.3497891818181817,yes
204922,0.889253590909091,no
205220,8.342735416666667,yes
205584,1.0159478857142856,yes
205587,1.51181778,yes
205596,15.39487357142857,yes
205601,1.5173173394495414,yes
205775,0.93820758,no
206581,1.4606741573033708,yes
206647,3.5611194653061227,yes
207703,4.985044654320988,yes
207769,0.08223368421052632,no
207932,2.9240558533333334,yes
208134,10.122102466666666,yes
208434,0.75,no
208763,1.5207467692307692,yes
208869,0.0552641,no
209112,3.493040776,yes
209263,3.202681125,yes
209274,5.8839826923076926,yes
209403,0.7843145,no
209451,1.6320683,yes
210577,5.554419491803278,yes
210860,0.506976,no
211672,15.63885158108108,yes
211954,19.8134412,yes
212778,4.009013181818182,yes
213681,0.69126856,no
214756,3.174464794117647,yes
215211,0.8399963666666667,no
215881,0.014432,no
216015,14.26223395,yes
216282,3.19404388,yes
218778,3.5947910357142856,yes
218836,3.07531574,yes
222649,0.3168858,no
222935,22.63447025,yes
222936,0.6739405135135135,no
223702,1.9052631578947368,yes
224141,4.26232802,yes
225565,6.633619375,yes
225574,4.456192,yes
225728,0.8401137333333333,no
225886,3.151737725,yes
226458,17.15692,yes
226486,5.0187716,yes
227159,2.5629846904761906,yes
227306,2.4839891846153845,yes
227348,18.1809708,yes
227719,2.687353416666667,yes
227735,1.6062370277777778,yes
227783,2.9173801428571426,yes
227973,2.4872031616161614,yes
228066,0.85351185,no
228150,3.114969205882353,yes
228161,2.8595674592592593,yes
228165,4.370764027027027,yes
228194,4.0400373181818185,yes
228203,2.688701411764706,yes
228326,1.99567112,yes
228967,0.2805143636363636,no
228970,2.6691339333333333,yes
229296,2.1169522,yes
231576,0.9138831666666667,no
232672,3.16986525,yes
232679,2.0092608,yes
234212,1.5560363333333334,yes
235260,3.224990590909091,yes
235271,3.4998484,yes
236751,8.4444135,yes
238603,3.2441957692307692,yes
238636,12.289222111111112,yes
238713,3.6369230769230767,yes
239563,4.218248769230769,yes
239566,1.1113289333333334,yes
239573,0.36627145714285714,no
239678,2.064816,yes
240832,11.47159,yes
241257,0.74417475,no
241258,1.2675318,yes
241259,1.6889123823529413,yes
241554,1.33923288,yes
242452,15.7095172,yes
242512,20.7180542,yes
242582,4.552613764705883,yes
243683,1.9147921333333333,yes
243688,1.040302342857143,yes
243938,0.8894715,no
244267,0.852399,no
244403,0.1134438,no
244517,0.400194,no
244783,0.07284816666666667,no
244786,14.843042727272728,yes
245168,2.431779214285714,yes
245700,1.7990732857142857,yes
245703,0.42668055555555556,no
245846,0.0161097,no
245891,3.93699485,yes
245916,1.331341,yes
246403,0.6192293333333333,no
246655,1.5814242921348314,yes
248747,7.6134854,yes
248774,3.32407,yes
249070,2.3527901714285715,yes
249164,7.170440272727273,yes
249660,31.919483,yes
250349,0.0173613,no
250546,38.83497938461539,yes
252512,1.3423176,yes
252680,2.1074682,yes
253235,0.9867800555555556,no
253250,1.7186234817813766,yes
253306,0.15790866666666667,no
253412,3.679903236363636,yes
254128,4.309007563636364,yes
254470,9.914006689655173,yes
254473,2.6221865714285713,yes
254905,0.19935975,no
255343,0.11611441176470588,no
256040,1.397969216717848,yes
256274,8.3648132,yes
256591,3.0731130339321355,yes
256687,0.005524625,no
256917,0.6554577333333333,no
256924,0.7501132,no
256961,3.5862741666666667,yes
256962,0.88421775,no
257088,1.2735115333333333,yes
257091,2.795286325,yes
257211,5.558990628571428,yes
257344,2.7686033068181817,yes
257445,2.273749120689655,yes
258230,0.7031515581395349,no
258363,0.535778,no
258480,3.4128927966101696,yes
258489,1.7375001333333333,yes
258509,2.6084239777777776,yes
259316,4.008918061111111,yes
259693,7.895410475,yes
259694,2.6917819459459458,yes
259695,0.0016848425925925926,no
260346,5.564125,yes
260514,1.7664528685714285,yes
261023,1.882559962264151,yes
261392,1.081967,yes
262260,8.477401129943503,yes
262391,13.392307692307693,yes
262500,2.702512081818182,yes
262504,1.6295169818181818,yes
262543,0.4516972,no
262841,0.514889552,no
263109,4.24125136,yes
263115,6.263383175257732,yes
263472,2.0856172,yes
264644,1.6914668461538462,yes
264660,2.457960933333333,yes
264999,8.277909256756757,yes
265177,3.5838979591836733,yes
265195,11.016287878787878,yes
265208,0.0309719,no
265712,5.2412204,yes
266102,0.0810545,no
266294,3.530972033333333,yes
266639,0.4737874,no
266647,0.8559221333333333,no
266856,8.248445866666666,yes
267193,0.8206116571428571,no
267860,3.261519,yes
267935,1.309612992857143,yes
268238,9.0384306,yes
268531,3.2446886315789474,yes
269149,6.8204083,yes
270303,5.05,yes
270487,2.837682409090909,yes
270946,2.8298758409090907,yes
271110,4.613185172,yes
271331,0.005627733333333333,no
271718,4.022736942857143,yes
273248,3.3038035681818183,yes
273477,1.0369903333333332,yes
273481,2.6730021,yes
273895,3.3393954,yes
274167,4.80720784,yes
274479,1.68556765,yes
274854,1.5599627777777778,yes
274857,0.8043822114285715,no
274870,2.460522627272727,yes
275601,2.2860377222222223,yes
276905,1.5217886111111112,yes
276907,1.4214025666666668,yes
277216,7.201249678571428,yes
277685,64.056643,yes
277834,4.23176856,yes
278154,2.788486304761905,yes
278924,2.75782395,yes
278927,5.414845862857143,yes
279641,0.7118848285714285,no
280092,11.2983889,yes
280996,2.9355203,yes
281338,2.310753453333333,yes
281778,0.03874525,no
281957,2.1471049037037035,yes
282035,3.01598136,yes
282631,14.562342947368421,yes
282813,2.594021076923077,yes
283350,0.16131266666666666,no
283366,2.595826090909091,yes
283445,5.4104225,yes
283552,1.2952632,yes
283995,4.0874751,yes
284052,3.981705096969697,yes
284053,4.097629722222222,yes
284293,8.7769304,yes
284296,2.1262373333333335,yes
286217,5.531047574074074,yes
286554,0.542550625,no
286565,7.126025,yes
286567,0.3771397,no
287424,0.13288644444444445,no
287903,4.1192262,yes
290250,0.72523526,no
290595,1.431323156521739,yes
290751,1.5404279,yes
290825,0.0004398,no
291270,0.691431875,no
291328,0.14499805243445693,no
291805,3.7246231,yes
291854,3.0245855,yes
291870,0.9214455636363637,no
292280,3.1404367567567566,yes
293167,0.7898674162162163,no
293660,13.493313017241379,yes
293767,0.6080381,no
293768,1.1679599047619047,yes
294254,5.1191631803278685,yes
294272,2.189443815384615,yes
294963,0.2407625,no
295693,3.255461,yes
295699,0.5437126,no
295964,1.6316334,yes
296096,9.40450415,yes
296098,4.022988675,yes
296099,3.3833609032258063,yes
296360,4.616319666666667,yes
296524,1.0744416454545453,yes
297761,4.25813252,yes
297762,5.514307187919463,yes
298312,19.6900124,yes
299687,1.7648736842105264,yes
299824,7.009777351351351,yes
300168,1.9065920769230769,yes
300669,15.47668484848485,yes
300671,1.3882274,yes
300673,0.19082075,no
301351,5.0831045,yes
301365,0.1904462857142857,no
302401,0.534292725,no
302688,1.451111111111111,yes
302699,4.33945086,yes
302946,3.526364659090909,yes
303857,12.353638,yes
303858,3.4358132592592594,yes
304357,5.601797545454546,yes
304410,6.722600272727273,yes
307081,3.0656942333333332,yes
308266,1.66069046,yes
308369,1.1582725,yes
308531,1.7523984222222222,yes
308639,2.598690142857143,yes
309302,3.3101312631578947,yes
309425,6.2198,yes
309809,1.201616379310345,yes
310307,0.82644352,no
311324,2.1977195666666667,yes
312221,4.959073742857143,yes
313297,1.1581857333333334,yes
313369,14.230382166666667,yes
314365,3.1772263,yes
314402,0.8571721111111111,no
315664,0.07172413793103448,no
315837,1.1840605363636363,yes
316002,0.005209076923076923,no
316023,1.701470909090909,yes
316152,0.46304124,no
316727,9.6231953,yes
317557,0.6911440666666666,no
318846,2.484674357142857,yes
318850,0.395334972972973,no
319888,2.0066265652173914,yes
319910,0.0002314,no
320146,0.061422,no
321258,2.8497105,yes
321612,7.8889239875,yes
323272,24.658413,yes
323675,2.26746355,yes
324322,0.013238333333333333,no
324542,0.5804532,no
324552,3.955416375,yes
324668,1.7332456166666668,yes
324786,4.083316175,yes
324849,3.885386,yes
324852,11.8701417,yes
325133,3.1073863142857143,yes
325789,0.5287805,no
326423,2.75150255,yes
327029,1.173709925,yes
328111,11.672772493333333,yes
328387,1.6501732,yes
329440,3.06876,yes
329833,1.11938,yes
329865,3.719178319148936,yes
329981,0.687672,no
330459,5.279785795,yes
331313,0.71493055,no
332210,2.568931042857143,yes
332411,0.017200444444444445,no
332567,4.050055235294118,yes
332979,0.3905048125,no
333348,2.342627,yes
333371,21.6572844,yes
333484,1.7822254333333334,yes
333667,0.34199171666666667,no
333669,0.71987965,no
334298,6.8945725,yes
334521,0.3793754,no
334524,0.3613519,no
334527,0.05524914285714286,no
334541,4.830102117647058,yes
334543,2.6777354166666667,yes
335462,7.5,yes
335778,2.30821805,yes
335796,8.832892555555556,yes
335797,5.758655266666667,yes
335988,2.54231235483871,yes
336808,2.436815,yes
337339,4.95498198,yes
337844,0.0142788,no
338766,2.2291495,yes
338964,0.6817581153846154,no
339397,1.1438074333333332,yes
339403,5.149691029411764,yes
339846,2.5641833623188406,yes
339964,0.5017092550790068,no
339984,5.676824615384615,yes
340402,2.485071764705882,yes
340666,1.2641535555555556,yes
340676,0.04498666666666667,no
340837,0.663988925,no
340945,0.041031375,no
341012,0.476856,no
341013,1.0151543333333333,yes
341174,6.8050175818181815,yes
342473,3.5277204666666666,yes
342521,1.3739984666666667,yes
342737,0.8225171428571428,no
343059,1.7748945666666667,yes
343611,2.6913129833333334,yes
345911,18.367309795918366,yes
345914,0.832038225,no
345920,2.1157978055555557,yes
345922,1.8017233636363637,yes
345938,2.1752558,yes
346672,1.2030346,yes
346685,3.8227544,yes
347026,0.9870813571428572,no
347031,1.3737536666666668,yes
347126,4.7130144,yes
350312,7.4454359,yes
351819,1.458124,yes
353070,2.09954012,yes
353326,1.23,yes
353491,1.1978841166666667,yes
356305,0.556897947368421,no
356905,1.4624612857142858,yes
360339,0.55,no
361475,0.025055454545454544,no
363676,3.974320816666667,yes
365222,4.356798694444445,yes
365942,0.49311283333333333,no
367551,2.6e-05,no
369883,2.4248998823529413,yes
369885,1.2834173647058824,yes
370755,2.1556434,yes
371645,9.295288,yes
373314,0.21386463636363637,no
374465,0.13446761904761906,no
374720,5.24848479,yes
375290,1.5,yes
376290,0.3284372222222222,no
376659,3.46206465,yes
376866,1.2991604444444445,yes
376867,37.040774666666664,yes
377264,0.914406,no
378236,4.00811828,yes
380124,3.70794565,yes
381284,9.22332556,yes
381288,30.559475333333335,yes
381289,7.5064934090909095,yes
381890,8.523119235836628,yes
384682,1.829534488888889,yes
388399,0.6675351333333334,no
391629,3.4615384615384617,yes
393457,2.6707857083333333,yes
395982,0.9048076923076923,no
397422,2.2218464,yes
397837,2.4997348,yes
398535,2.2033898305084745,yes
399019,1.5115617142857143,yes
400928,5.741986714285714,yes
402529,1.2194856666666667,yes
403119,7.929043818181818,yes
403390,0.028864857142857143,no
407887,3.8737426771653545,yes
416477,8.8657248,yes
417644,0.92762788,no
417678,4.585833,yes
417830,1.6070882727272728,yes
417870,6.034312526315789,yes
418078,3.47742,yes
419430,50.4390324,yes
429698,0.05608,no
431093,3.201052,yes
432602,2.446608,yes
440597,1.171159,yes
