n_estimators,max_depth,max_features,min_samples_split,min_samples_leaf,bootstrap,criterion,result
10,3,1,2,1,True,gini,0.613577292282
15,3,1,2,1,True,gini,0.640633508566
20,3,1,2,1,True,gini,0.701298758988
10,3,1,3,1,True,gini,0.597423395375
15,3,1,3,1,True,gini,0.67416681134
20,3,1,3,1,True,gini,0.618057003913
10,3,1,5,1,True,gini,0.593098286683
15,3,1,5,1,True,gini,0.604599353084
20,3,1,5,1,True,gini,0.66274258754
10,3,1,10,1,True,gini,0.598283633503
15,3,1,10,1,True,gini,0.703371091289
20,3,1,10,1,True,gini,0.645742127961
10,3,1,2,3,True,gini,0.540396762052
15,3,1,2,3,True,gini,0.600566831367
20,3,1,2,3,True,gini,0.63499256819
10,3,1,3,3,True,gini,0.603522018027
15,3,1,3,3,True,gini,0.677698555565
20,3,1,3,3,True,gini,0.629324534581
10,3,1,5,3,True,gini,0.550347252161
15,3,1,5,3,True,gini,0.640785764043
20,3,1,5,3,True,gini,0.624612189685
10,3,1,10,3,True,gini,0.578877254771
15,3,1,10,3,True,gini,0.629994338915
20,3,1,10,3,True,gini,0.645235283701
10,3,1,2,10,True,gini,0.619489950629
15,3,1,2,10,True,gini,0.641734891668
20,3,1,2,10,True,gini,0.624821391397
10,3,1,3,10,True,gini,0.547613356094
15,3,1,3,10,True,gini,0.669218775224
20,3,1,3,10,True,gini,0.66806692966
10,3,1,5,10,True,gini,0.543792631529
15,3,1,5,10,True,gini,0.628424465011
20,3,1,5,10,True,gini,0.61282453132
10,3,1,10,10,True,gini,0.52217396659
15,3,1,10,10,True,gini,0.665233672885
20,3,1,10,10,True,gini,0.670534107779
10,3,3,2,1,True,gini,0.716669706345
15,3,3,2,1,True,gini,0.730409557031
20,3,3,2,1,True,gini,0.724000495853
10,3,3,3,1,True,gini,0.613677144171
15,3,3,3,1,True,gini,0.670395360858
20,3,3,3,1,True,gini,0.708032852768
10,3,3,5,1,True,gini,0.653371985105
15,3,3,5,1,True,gini,0.670731616652
20,3,3,5,1,True,gini,0.714308387574
10,3,3,10,1,True,gini,0.72812069132
15,3,3,10,1,True,gini,0.693026064537
20,3,3,10,1,True,gini,0.740940982691
10,3,3,2,3,True,gini,0.677859572849
15,3,3,2,3,True,gini,0.720584835773
20,3,3,2,3,True,gini,0.717554690464
10,3,3,3,3,True,gini,0.644022141336
15,3,3,3,3,True,gini,0.707303321231
20,3,3,3,3,True,gini,0.666481242971
10,3,3,5,3,True,gini,0.64774549889
15,3,3,5,3,True,gini,0.702667541107
20,3,3,5,3,True,gini,0.71546765259
10,3,3,10,3,True,gini,0.668817916324
15,3,3,10,3,True,gini,0.705689927545
20,3,3,10,3,True,gini,0.736920752268
10,3,3,2,10,True,gini,0.660897638266
15,3,3,2,10,True,gini,0.664386238502
20,3,3,2,10,True,gini,0.695027469469
10,3,3,3,10,True,gini,0.656571982998
15,3,3,3,10,True,gini,0.695628946842
20,3,3,3,10,True,gini,0.736643720531
10,3,3,5,10,True,gini,0.613994377265
15,3,3,5,10,True,gini,0.659606931249
20,3,3,5,10,True,gini,0.733732098587
10,3,3,10,10,True,gini,0.658761609819
15,3,3,10,10,True,gini,0.695789888432
20,3,3,10,10,True,gini,0.717976697985
10,3,10,2,1,True,gini,0.746487706196
15,3,10,2,1,True,gini,0.768110040533
20,3,10,2,1,True,gini,0.763788838103
10,3,10,3,1,True,gini,0.72382296503
15,3,10,3,1,True,gini,0.76753392905
20,3,10,3,1,True,gini,0.749395153383
10,3,10,5,1,True,gini,0.754220564719
15,3,10,5,1,True,gini,0.753272488426
20,3,10,5,1,True,gini,0.753492730522
10,3,10,10,1,True,gini,0.757135557966
15,3,10,10,1,True,gini,0.754267214803
20,3,10,10,1,True,gini,0.750695071159
10,3,10,2,3,True,gini,0.737876042907
15,3,10,2,3,True,gini,0.760161052506
20,3,10,2,3,True,gini,0.751752111032
10,3,10,3,3,True,gini,0.736443103837
15,3,10,3,3,True,gini,0.764741916516
20,3,10,3,3,True,gini,0.762831433203
10,3,10,5,3,True,gini,0.736355845494
15,3,10,5,3,True,gini,0.76185639205
20,3,10,5,3,True,gini,0.781213846007
10,3,10,10,3,True,gini,0.762641438707
15,3,10,10,3,True,gini,0.749346553986
20,3,10,10,3,True,gini,0.757258552672
10,3,10,2,10,True,gini,0.743332310843
15,3,10,2,10,True,gini,0.759430856299
20,3,10,2,10,True,gini,0.764605875669
10,3,10,3,10,True,gini,0.762149906517
15,3,10,3,10,True,gini,0.758205760373
20,3,10,3,10,True,gini,0.751448973025
10,3,10,5,10,True,gini,0.730365326786
15,3,10,5,10,True,gini,0.759033717117
20,3,10,5,10,True,gini,0.773731993315
10,3,10,10,10,True,gini,0.727845399034
15,3,10,10,10,True,gini,0.755668372306
20,3,10,10,10,True,gini,0.763247144295
10,3,15,2,1,True,gini,0.758859513185
15,3,15,2,1,True,gini,0.768037909643
20,3,15,2,1,True,gini,0.777935556033
10,3,15,3,1,True,gini,0.740867113054
15,3,15,3,1,True,gini,0.768988423477
20,3,15,3,1,True,gini,0.770861338316
10,3,15,5,1,True,gini,0.773497153486
15,3,15,5,1,True,gini,0.769272332823
20,3,15,5,1,True,gini,0.759772201123
10,3,15,10,1,True,gini,0.780149466232
15,3,15,10,1,True,gini,0.768703013842
20,3,15,10,1,True,gini,0.764098879446
10,3,15,2,3,True,gini,0.77678998916
15,3,15,2,3,True,gini,0.773145905649
20,3,15,2,3,True,gini,0.772188165848
10,3,15,3,3,True,gini,0.754996826545
15,3,15,3,3,True,gini,0.770862187656
20,3,15,3,3,True,gini,0.762535292669
10,3,15,5,3,True,gini,0.770269017032
15,3,15,5,3,True,gini,0.757474431679
20,3,15,5,3,True,gini,0.786390411045
10,3,15,10,3,True,gini,0.766542003489
15,3,15,10,3,True,gini,0.770391314102
20,3,15,10,3,True,gini,0.782141888643
10,3,15,2,10,True,gini,0.735933433086
15,3,15,2,10,True,gini,0.776217217978
20,3,15,2,10,True,gini,0.7637254097
10,3,15,3,10,True,gini,0.755245049574
15,3,15,3,10,True,gini,0.774221778144
20,3,15,3,10,True,gini,0.777260429186
10,3,15,5,10,True,gini,0.763010400874
15,3,15,5,10,True,gini,0.771322039891
20,3,15,5,10,True,gini,0.764659488139
10,3,15,10,10,True,gini,0.747031489106
15,3,15,10,10,True,gini,0.778460981277
20,3,15,10,10,True,gini,0.750657625833
10,3,20,2,1,True,gini,0.772445747762
15,3,20,2,1,True,gini,0.783700671152
20,3,20,2,1,True,gini,0.779650902557
10,3,20,3,1,True,gini,0.7678255055
15,3,20,3,1,True,gini,0.779146559306
20,3,20,3,1,True,gini,0.779748505533
10,3,20,5,1,True,gini,0.778470399205
15,3,20,5,1,True,gini,0.775853347791
20,3,20,5,1,True,gini,0.785665971752
10,3,20,10,1,True,gini,0.784498396486
15,3,20,10,1,True,gini,0.780667353247
20,3,20,10,1,True,gini,0.773714038301
10,3,20,2,3,True,gini,0.771902746215
15,3,20,2,3,True,gini,0.786425346644
20,3,20,2,3,True,gini,0.783213713973
10,3,20,3,3,True,gini,0.783450503169
15,3,20,3,3,True,gini,0.796463741878
20,3,20,3,3,True,gini,0.77894177656
10,3,20,5,3,True,gini,0.770292213238
15,3,20,5,3,True,gini,0.783076544428
20,3,20,5,3,True,gini,0.7788389092
10,3,20,10,3,True,gini,0.779513379089
15,3,20,10,3,True,gini,0.780495627998
20,3,20,10,3,True,gini,0.781844253382
10,3,20,2,10,True,gini,0.761924003576
15,3,20,2,10,True,gini,0.779716131374
20,3,20,2,10,True,gini,0.777981679654
10,3,20,3,10,True,gini,0.777859666485
15,3,20,3,10,True,gini,0.776132636163
20,3,20,3,10,True,gini,0.778525153892
10,3,20,5,10,True,gini,0.784263701892
15,3,20,5,10,True,gini,0.782820152764
20,3,20,5,10,True,gini,0.784560264535
10,3,20,10,10,True,gini,0.782137278742
15,3,20,10,10,True,gini,0.773374480873
20,3,20,10,10,True,gini,0.780841098796
10,,1,2,1,True,gini,0.817585660767
15,,1,2,1,True,gini,0.838716021699
20,,1,2,1,True,gini,0.850527784016
10,,1,3,1,True,gini,0.838225131153
15,,1,3,1,True,gini,0.843366383799
20,,1,3,1,True,gini,0.857543416379
10,,1,5,1,True,gini,0.820463817623
15,,1,5,1,True,gini,0.841835936376
20,,1,5,1,True,gini,0.849222394935
10,,1,10,1,True,gini,0.803197150271
15,,1,10,1,True,gini,0.825792017229
20,,1,10,1,True,gini,0.834630981244
10,,1,2,3,True,gini,0.60386015317
15,,1,2,3,True,gini,0.648877217584
20,,1,2,3,True,gini,0.675131413549
10,,1,3,3,True,gini,0.56050232656
15,,1,3,3,True,gini,0.667888264042
20,,1,3,3,True,gini,0.663518021023
10,,1,5,3,True,gini,0.709438643418
15,,1,5,3,True,gini,0.677379678625
20,,1,5,3,True,gini,0.688491187731
10,,1,10,3,True,gini,0.633634204282
15,,1,10,3,True,gini,0.676012441716
20,,1,10,3,True,gini,0.661427902775
10,,1,2,10,True,gini,0.548469482694
15,,1,2,10,True,gini,0.634460230638
20,,1,2,10,True,gini,0.616519673617
10,,1,3,10,True,gini,0.595045283971
15,,1,3,10,True,gini,0.613253152794
20,,1,3,10,True,gini,0.66292118321
10,,1,5,10,True,gini,0.58884724327
15,,1,5,10,True,gini,0.619584127589
20,,1,5,10,True,gini,0.659588563845
10,,1,10,10,True,gini,0.605357662587
15,,1,10,10,True,gini,0.614458420394
20,,1,10,10,True,gini,0.608743477795
10,,3,2,1,True,gini,0.833869279201
15,,3,2,1,True,gini,0.86640713032
20,,3,2,1,True,gini,0.859447504276
10,,3,3,1,True,gini,0.851157115646
15,,3,3,1,True,gini,0.863804740707
20,,3,3,1,True,gini,0.863744262269
10,,3,5,1,True,gini,0.83454616394
15,,3,5,1,True,gini,0.849644967162
20,,3,5,1,True,gini,0.866920449509
10,,3,10,1,True,gini,0.824670075466
15,,3,10,1,True,gini,0.836225517795
20,,3,10,1,True,gini,0.846533242279
10,,3,2,3,True,gini,0.742983217743
15,,3,2,3,True,gini,0.751836759254
20,,3,2,3,True,gini,0.780306557486
10,,3,3,3,True,gini,0.74778777153
15,,3,3,3,True,gini,0.768054107159
20,,3,3,3,True,gini,0.775032092754
10,,3,5,3,True,gini,0.759382325596
15,,3,5,3,True,gini,0.760569557836
20,,3,5,3,True,gini,0.751143555202
10,,3,10,3,True,gini,0.754035090025
15,,3,10,3,True,gini,0.756339625524
20,,3,10,3,True,gini,0.77870891597
10,,3,2,10,True,gini,0.672895672869
15,,3,2,10,True,gini,0.766385440348
20,,3,2,10,True,gini,0.714070908897
10,,3,3,10,True,gini,0.70665246572
15,,3,3,10,True,gini,0.725945337905
20,,3,3,10,True,gini,0.747937634294
10,,3,5,10,True,gini,0.73199999034
15,,3,5,10,True,gini,0.723645008609
20,,3,5,10,True,gini,0.721768189307
10,,3,10,10,True,gini,0.712593523175
15,,3,10,10,True,gini,0.722914820604
20,,3,10,10,True,gini,0.741048614405
10,,10,2,1,True,gini,0.869287416684
15,,10,2,1,True,gini,0.894554329893
20,,10,2,1,True,gini,0.892523768151
10,,10,3,1,True,gini,0.874201243749
15,,10,3,1,True,gini,0.888888417213
20,,10,3,1,True,gini,0.891936909149
10,,10,5,1,True,gini,0.870564251059
15,,10,5,1,True,gini,0.885635873115
20,,10,5,1,True,gini,0.879955033626
10,,10,10,1,True,gini,0.855778392556
15,,10,10,1,True,gini,0.859607044712
20,,10,10,1,True,gini,0.867298368664
10,,10,2,3,True,gini,0.82229990697
15,,10,2,3,True,gini,0.837852182667
20,,10,2,3,True,gini,0.836004720668
10,,10,3,3,True,gini,0.826681049018
15,,10,3,3,True,gini,0.841505238131
20,,10,3,3,True,gini,0.842861185474
10,,10,5,3,True,gini,0.831348981483
15,,10,5,3,True,gini,0.832288662223
20,,10,5,3,True,gini,0.840294142483
10,,10,10,3,True,gini,0.81754448495
15,,10,10,3,True,gini,0.83729300144
20,,10,10,3,True,gini,0.840421909368
10,,10,2,10,True,gini,0.785997549583
15,,10,2,10,True,gini,0.799242092242
20,,10,2,10,True,gini,0.8131020354
10,,10,3,10,True,gini,0.802327894652
15,,10,3,10,True,gini,0.806506361825
20,,10,3,10,True,gini,0.821502873599
10,,10,5,10,True,gini,0.803239076746
15,,10,5,10,True,gini,0.80152641805
20,,10,5,10,True,gini,0.809265439926
10,,10,10,10,True,gini,0.808795781789
15,,10,10,10,True,gini,0.805388788999
20,,10,10,10,True,gini,0.802181285943
10,,15,2,1,True,gini,0.876254160915
15,,15,2,1,True,gini,0.900340813669
20,,15,2,1,True,gini,0.891421447471
10,,15,3,1,True,gini,0.879479472446
15,,15,3,1,True,gini,0.897212512994
20,,15,3,1,True,gini,0.901392627345
10,,15,5,1,True,gini,0.879471726023
15,,15,5,1,True,gini,0.885142066115
20,,15,5,1,True,gini,0.892989420817
10,,15,10,1,True,gini,0.861075036501
15,,15,10,1,True,gini,0.871367454321
20,,15,10,1,True,gini,0.87920972194
10,,15,2,3,True,gini,0.843515772792
15,,15,2,3,True,gini,0.853956717477
20,,15,2,3,True,gini,0.851765896898
10,,15,3,3,True,gini,0.842311735297
15,,15,3,3,True,gini,0.849856353836
20,,15,3,3,True,gini,0.856912211119
10,,15,5,3,True,gini,0.85038985863
15,,15,5,3,True,gini,0.842364976191
20,,15,5,3,True,gini,0.852909940624
10,,15,10,3,True,gini,0.839767198505
15,,15,10,3,True,gini,0.853232510967
20,,15,10,3,True,gini,0.854297781104
10,,15,2,10,True,gini,0.816294750504
15,,15,2,10,True,gini,0.824235105919
20,,15,2,10,True,gini,0.824172365684
10,,15,3,10,True,gini,0.818424193303
15,,15,3,10,True,gini,0.828210421404
20,,15,3,10,True,gini,0.821347305837
10,,15,5,10,True,gini,0.816054084854
15,,15,5,10,True,gini,0.823016386357
20,,15,5,10,True,gini,0.822558377023
10,,15,10,10,True,gini,0.816916706919
15,,15,10,10,True,gini,0.81772102808
20,,15,10,10,True,gini,0.827802328661
10,,20,2,1,True,gini,0.873140151312
15,,20,2,1,True,gini,0.898778282455
20,,20,2,1,True,gini,0.896718121773
10,,20,3,1,True,gini,0.885208173271
15,,20,3,1,True,gini,0.902423575836
20,,20,3,1,True,gini,0.909215662271
10,,20,5,1,True,gini,0.879452389307
15,,20,5,1,True,gini,0.889882605137
20,,20,5,1,True,gini,0.896595982071
10,,20,10,1,True,gini,0.868750587685
15,,20,10,1,True,gini,0.871337185606
20,,20,10,1,True,gini,0.875559157236
10,,20,2,3,True,gini,0.854920520835
15,,20,2,3,True,gini,0.857639086441
20,,20,2,3,True,gini,0.860771086801
10,,20,3,3,True,gini,0.85300975954
15,,20,3,3,True,gini,0.860698198006
20,,20,3,3,True,gini,0.870145870003
10,,20,5,3,True,gini,0.842527609317
15,,20,5,3,True,gini,0.857989099064
20,,20,5,3,True,gini,0.852894700974
10,,20,10,3,True,gini,0.850783047317
15,,20,10,3,True,gini,0.846052333378
20,,20,10,3,True,gini,0.849756609899
10,,20,2,10,True,gini,0.826469438318
15,,20,2,10,True,gini,0.828037092188
20,,20,2,10,True,gini,0.828671904711
10,,20,3,10,True,gini,0.826373592912
15,,20,3,10,True,gini,0.829549240864
20,,20,3,10,True,gini,0.830751726234
10,,20,5,10,True,gini,0.831416065015
15,,20,5,10,True,gini,0.825588995297
20,,20,5,10,True,gini,0.829682881048
10,,20,10,10,True,gini,0.826393672401
15,,20,10,10,True,gini,0.82717553444
20,,20,10,10,True,gini,0.828509437797
10,3,1,2,1,True,entropy,0.617370754972
15,3,1,2,1,True,entropy,0.630690227387
20,3,1,2,1,True,entropy,0.658588981641
10,3,1,3,1,True,entropy,0.559818785978
15,3,1,3,1,True,entropy,0.685695755373
20,3,1,3,1,True,entropy,0.688018064417
10,3,1,5,1,True,entropy,0.649818585186
15,3,1,5,1,True,entropy,0.693241256598
20,3,1,5,1,True,entropy,0.659473558662
10,3,1,10,1,True,entropy,0.675821611167
15,3,1,10,1,True,entropy,0.613541105807
20,3,1,10,1,True,entropy,0.724137376469
10,3,1,2,3,True,entropy,0.594502224816
15,3,1,2,3,True,entropy,0.666473326622
20,3,1,2,3,True,entropy,0.676076019744
10,3,1,3,3,True,entropy,0.619151857534
15,3,1,3,3,True,entropy,0.683266230427
20,3,1,3,3,True,entropy,0.647850432302
10,3,1,5,3,True,entropy,0.593240223479
15,3,1,5,3,True,entropy,0.603810438761
20,3,1,5,3,True,entropy,0.628013983658
10,3,1,10,3,True,entropy,0.58416974035
15,3,1,10,3,True,entropy,0.629300570484
20,3,1,10,3,True,entropy,0.684415966138
10,3,1,2,10,True,entropy,0.588243545247
15,3,1,2,10,True,entropy,0.648471282047
20,3,1,2,10,True,entropy,0.635056538077
10,3,1,3,10,True,entropy,0.615207820881
15,3,1,3,10,True,entropy,0.558499404826
20,3,1,3,10,True,entropy,0.576721400244
10,3,1,5,10,True,entropy,0.540897940015
15,3,1,5,10,True,entropy,0.594643354889
20,3,1,5,10,True,entropy,0.648176101904
10,3,1,10,10,True,entropy,0.546519790042
15,3,1,10,10,True,entropy,0.621759435438
20,3,1,10,10,True,entropy,0.699433362953
10,3,3,2,1,True,entropy,0.698564964476
15,3,3,2,1,True,entropy,0.736000424086
20,3,3,2,1,True,entropy,0.737127532184
10,3,3,3,1,True,entropy,0.701637175725
15,3,3,3,1,True,entropy,0.739422299503
20,3,3,3,1,True,entropy,0.714769874513
10,3,3,5,1,True,entropy,0.705953292507
15,3,3,5,1,True,entropy,0.665335661504
20,3,3,5,1,True,entropy,0.726873916921
10,3,3,10,1,True,entropy,0.672905121502
15,3,3,10,1,True,entropy,0.686297052685
20,3,3,10,1,True,entropy,0.710628703133
10,3,3,2,3,True,entropy,0.673048217066
15,3,3,2,3,True,entropy,0.70224386717
20,3,3,2,3,True,entropy,0.728806082475
10,3,3,3,3,True,entropy,0.691663692914
15,3,3,3,3,True,entropy,0.727670750955
20,3,3,3,3,True,entropy,0.689007472565
10,3,3,5,3,True,entropy,0.666335158326
15,3,3,5,3,True,entropy,0.664713676394
20,3,3,5,3,True,entropy,0.723689253994
10,3,3,10,3,True,entropy,0.725279395413
15,3,3,10,3,True,entropy,0.667336783352
20,3,3,10,3,True,entropy,0.682184770253
10,3,3,2,10,True,entropy,0.697149459758
15,3,3,2,10,True,entropy,0.703719854171
20,3,3,2,10,True,entropy,0.703190936875
10,3,3,3,10,True,entropy,0.60936946328
15,3,3,3,10,True,entropy,0.748846198369
20,3,3,3,10,True,entropy,0.715622196317
10,3,3,5,10,True,entropy,0.643761209225
15,3,3,5,10,True,entropy,0.679001452834
20,3,3,5,10,True,entropy,0.676840775571
10,3,3,10,10,True,entropy,0.667435822169
15,3,3,10,10,True,entropy,0.667772902247
20,3,3,10,10,True,entropy,0.666539331833
10,3,10,2,1,True,entropy,0.73587832575
15,3,10,2,1,True,entropy,0.768720936191
20,3,10,2,1,True,entropy,0.768040694083
10,3,10,3,1,True,entropy,0.756553268221
15,3,10,3,1,True,entropy,0.754079134798
20,3,10,3,1,True,entropy,0.756717791212
10,3,10,5,1,True,entropy,0.725600188405
15,3,10,5,1,True,entropy,0.766863323196
20,3,10,5,1,True,entropy,0.750055434915
10,3,10,10,1,True,entropy,0.73821332481
15,3,10,10,1,True,entropy,0.749333822411
20,3,10,10,1,True,entropy,0.771587722661
10,3,10,2,3,True,entropy,0.730064751413
15,3,10,2,3,True,entropy,0.749503749963
20,3,10,2,3,True,entropy,0.766242135012
10,3,10,3,3,True,entropy,0.732684776841
15,3,10,3,3,True,entropy,0.750648406336
20,3,10,3,3,True,entropy,0.764710694092
10,3,10,5,3,True,entropy,0.697305396076
15,3,10,5,3,True,entropy,0.762015243791
20,3,10,5,3,True,entropy,0.743999452613
10,3,10,10,3,True,entropy,0.764201023289
15,3,10,10,3,True,entropy,0.746227789333
20,3,10,10,3,True,entropy,0.757503015838
10,3,10,2,10,True,entropy,0.748202710357
15,3,10,2,10,True,entropy,0.743297336995
20,3,10,2,10,True,entropy,0.743881316605
10,3,10,3,10,True,entropy,0.743024585102
15,3,10,3,10,True,entropy,0.733469828069
20,3,10,3,10,True,entropy,0.750821122999
10,3,10,5,10,True,entropy,0.75058916296
15,3,10,5,10,True,entropy,0.75548933777
20,3,10,5,10,True,entropy,0.743532266791
10,3,10,10,10,True,entropy,0.728978231807
15,3,10,10,10,True,entropy,0.755363350659
20,3,10,10,10,True,entropy,0.753552264877
10,3,15,2,1,True,entropy,0.758115766963
15,3,15,2,1,True,entropy,0.745513562436
20,3,15,2,1,True,entropy,0.744672964098
10,3,15,3,1,True,entropy,0.754660622684
15,3,15,3,1,True,entropy,0.770917394341
20,3,15,3,1,True,entropy,0.781854916072
10,3,15,5,1,True,entropy,0.774815759323
15,3,15,5,1,True,entropy,0.782242311001
20,3,15,5,1,True,entropy,0.766388813499
10,3,15,10,1,True,entropy,0.769727058868
15,3,15,10,1,True,entropy,0.771465181659
20,3,15,10,1,True,entropy,0.774751437574
10,3,15,2,3,True,entropy,0.768704903457
15,3,15,2,3,True,entropy,0.767429440334
20,3,15,2,3,True,entropy,0.783249515531
10,3,15,3,3,True,entropy,0.777567429178
15,3,15,3,3,True,entropy,0.76956129219
20,3,15,3,3,True,entropy,0.767450187226
10,3,15,5,3,True,entropy,0.768747101966
15,3,15,5,3,True,entropy,0.77818986622
20,3,15,5,3,True,entropy,0.781401864388
10,3,15,10,3,True,entropy,0.728896365322
15,3,15,10,3,True,entropy,0.753573501661
20,3,15,10,3,True,entropy,0.78264495165
10,3,15,2,10,True,entropy,0.735954129045
15,3,15,2,10,True,entropy,0.781297646417
20,3,15,2,10,True,entropy,0.772358705617
10,3,15,3,10,True,entropy,0.750804528205
15,3,15,3,10,True,entropy,0.77371776875
20,3,15,3,10,True,entropy,0.777944837339
10,3,15,5,10,True,entropy,0.777022799612
15,3,15,5,10,True,entropy,0.768655049801
20,3,15,5,10,True,entropy,0.773864138226
10,3,15,10,10,True,entropy,0.736698925415
15,3,15,10,10,True,entropy,0.772335556355
20,3,15,10,10,True,entropy,0.754007763413
10,3,20,2,1,True,entropy,0.77318676637
15,3,20,2,1,True,entropy,0.784210903857
20,3,20,2,1,True,entropy,0.783332547516
10,3,20,3,1,True,entropy,0.765179681727
15,3,20,3,1,True,entropy,0.779248198606
20,3,20,3,1,True,entropy,0.779705549781
10,3,20,5,1,True,entropy,0.772317386715
15,3,20,5,1,True,entropy,0.776152674883
20,3,20,5,1,True,entropy,0.777417088354
10,3,20,10,1,True,entropy,0.776310844518
15,3,20,10,1,True,entropy,0.787358924964
20,3,20,10,1,True,entropy,0.787616493989
10,3,20,2,3,True,entropy,0.788895969979
15,3,20,2,3,True,entropy,0.772475282641
20,3,20,2,3,True,entropy,0.769927728369
10,3,20,3,3,True,entropy,0.759589973072
15,3,20,3,3,True,entropy,0.775329467986
20,3,20,3,3,True,entropy,0.78624560702
10,3,20,5,3,True,entropy,0.755488778709
15,3,20,5,3,True,entropy,0.774441367235
20,3,20,5,3,True,entropy,0.773278057306
10,3,20,10,3,True,entropy,0.791088745264
15,3,20,10,3,True,entropy,0.771695735251
20,3,20,10,3,True,entropy,0.782804508792
10,3,20,2,10,True,entropy,0.780080817898
15,3,20,2,10,True,entropy,0.770469541056
20,3,20,2,10,True,entropy,0.776482143833
10,3,20,3,10,True,entropy,0.777307305192
15,3,20,3,10,True,entropy,0.776369915286
20,3,20,3,10,True,entropy,0.788278594151
10,3,20,5,10,True,entropy,0.762837594961
15,3,20,5,10,True,entropy,0.784321532492
20,3,20,5,10,True,entropy,0.780802577824
10,3,20,10,10,True,entropy,0.759893556809
15,3,20,10,10,True,entropy,0.778097165434
20,3,20,10,10,True,entropy,0.781224777601
10,,1,2,1,True,entropy,0.817613027908
15,,1,2,1,True,entropy,0.844478508067
20,,1,2,1,True,entropy,0.850646363168
10,,1,3,1,True,entropy,0.816347237206
15,,1,3,1,True,entropy,0.843972990547
20,,1,3,1,True,entropy,0.851229242007
10,,1,5,1,True,entropy,0.817858458706
15,,1,5,1,True,entropy,0.834569303638
20,,1,5,1,True,entropy,0.848102670631
10,,1,10,1,True,entropy,0.815290945992
15,,1,10,1,True,entropy,0.821985471637
20,,1,10,1,True,entropy,0.842913756665
10,,1,2,3,True,entropy,0.623416082429
15,,1,2,3,True,entropy,0.660538033755
20,,1,2,3,True,entropy,0.685698061723
10,,1,3,3,True,entropy,0.675743099745
15,,1,3,3,True,entropy,0.662786655386
20,,1,3,3,True,entropy,0.667434519589
10,,1,5,3,True,entropy,0.584497482116
15,,1,5,3,True,entropy,0.673444068515
20,,1,5,3,True,entropy,0.714706192308
10,,1,10,3,True,entropy,0.654259107514
15,,1,10,3,True,entropy,0.661831934885
20,,1,10,3,True,entropy,0.701131181913
10,,1,2,10,True,entropy,0.557542441654
15,,1,2,10,True,entropy,0.691599707324
20,,1,2,10,True,entropy,0.656001314615
10,,1,3,10,True,entropy,0.5732267348
15,,1,3,10,True,entropy,0.61544943293
20,,1,3,10,True,entropy,0.626397741987
10,,1,5,10,True,entropy,0.577910420686
15,,1,5,10,True,entropy,0.692743827565
20,,1,5,10,True,entropy,0.665218100281
10,,1,10,10,True,entropy,0.592765776033
15,,1,10,10,True,entropy,0.621428290467
20,,1,10,10,True,entropy,0.633977405018
10,,3,2,1,True,entropy,0.844927555443
15,,3,2,1,True,entropy,0.866853240511
20,,3,2,1,True,entropy,0.859041984592
10,,3,3,1,True,entropy,0.84581030685
15,,3,3,1,True,entropy,0.874783401472
20,,3,3,1,True,entropy,0.874177631563
10,,3,5,1,True,entropy,0.839836814522
15,,3,5,1,True,entropy,0.866450288981
20,,3,5,1,True,entropy,0.866910504964
10,,3,10,1,True,entropy,0.820978428516
15,,3,10,1,True,entropy,0.83305180265
20,,3,10,1,True,entropy,0.843419722582
10,,3,2,3,True,entropy,0.722240695357
15,,3,2,3,True,entropy,0.770668738869
20,,3,2,3,True,entropy,0.772214996947
10,,3,3,3,True,entropy,0.75631009822
15,,3,3,3,True,entropy,0.742496946557
20,,3,3,3,True,entropy,0.775795798715
10,,3,5,3,True,entropy,0.738541640488
15,,3,5,3,True,entropy,0.755049632329
20,,3,5,3,True,entropy,0.769810448332
10,,3,10,3,True,entropy,0.755618300204
15,,3,10,3,True,entropy,0.752735436299
20,,3,10,3,True,entropy,0.769730808704
10,,3,2,10,True,entropy,0.71845011374
15,,3,2,10,True,entropy,0.693947616255
20,,3,2,10,True,entropy,0.723419222659
10,,3,3,10,True,entropy,0.705176931019
15,,3,3,10,True,entropy,0.695293447712
20,,3,3,10,True,entropy,0.753824065032
10,,3,5,10,True,entropy,0.65411457687
15,,3,5,10,True,entropy,0.723293161126
20,,3,5,10,True,entropy,0.734671703484
10,,3,10,10,True,entropy,0.650237622488
15,,3,10,10,True,entropy,0.720255162823
20,,3,10,10,True,entropy,0.730326803472
10,,10,2,1,True,entropy,0.866882852776
15,,10,2,1,True,entropy,0.884138452145
20,,10,2,1,True,entropy,0.890416023899
10,,10,3,1,True,entropy,0.88153745256
15,,10,3,1,True,entropy,0.893588366902
20,,10,3,1,True,entropy,0.899814218253
10,,10,5,1,True,entropy,0.875268718786
15,,10,5,1,True,entropy,0.888320436101
20,,10,5,1,True,entropy,0.887277034747
10,,10,10,1,True,entropy,0.856932041083
15,,10,10,1,True,entropy,0.856315736251
20,,10,10,1,True,entropy,0.866681902012
10,,10,2,3,True,entropy,0.829903692743
15,,10,2,3,True,entropy,0.844106038784
20,,10,2,3,True,entropy,0.841846690416
10,,10,3,3,True,entropy,0.830585807652
15,,10,3,3,True,entropy,0.844826710452
20,,10,3,3,True,entropy,0.837282182175
10,,10,5,3,True,entropy,0.820322388024
15,,10,5,3,True,entropy,0.836106428934
20,,10,5,3,True,entropy,0.845171753427
10,,10,10,3,True,entropy,0.832017263348
15,,10,10,3,True,entropy,0.833020794895
20,,10,10,3,True,entropy,0.834271456494
10,,10,2,10,True,entropy,0.788814586586
15,,10,2,10,True,entropy,0.80602052543
20,,10,2,10,True,entropy,0.819217562216
10,,10,3,10,True,entropy,0.812558139086
15,,10,3,10,True,entropy,0.812829431545
20,,10,3,10,True,entropy,0.806510476262
10,,10,5,10,True,entropy,0.796330720256
15,,10,5,10,True,entropy,0.808743614657
20,,10,5,10,True,entropy,0.821292099462
10,,10,10,10,True,entropy,0.809272724779
15,,10,10,10,True,entropy,0.813559385836
20,,10,10,10,True,entropy,0.812023436376
10,,15,2,1,True,entropy,0.87728353759
15,,15,2,1,True,entropy,0.893053650551
20,,15,2,1,True,entropy,0.899823956385
10,,15,3,1,True,entropy,0.876354574852
15,,15,3,1,True,entropy,0.898244597953
20,,15,3,1,True,entropy,0.898738078549
10,,15,5,1,True,entropy,0.872168489055
15,,15,5,1,True,entropy,0.891981588763
20,,15,5,1,True,entropy,0.890930040919
10,,15,10,1,True,entropy,0.863073194261
15,,15,10,1,True,entropy,0.871453359594
20,,15,10,1,True,entropy,0.881994247064
10,,15,2,3,True,entropy,0.842866463952
15,,15,2,3,True,entropy,0.849708348361
20,,15,2,3,True,entropy,0.857936818761
10,,15,3,3,True,entropy,0.841937927326
15,,15,3,3,True,entropy,0.862342634761
20,,15,3,3,True,entropy,0.856989493878
10,,15,5,3,True,entropy,0.841925241761
15,,15,5,3,True,entropy,0.853847307088
20,,15,5,3,True,entropy,0.859795031321
10,,15,10,3,True,entropy,0.846591112872
15,,15,10,3,True,entropy,0.84067445414
20,,15,10,3,True,entropy,0.847988113618
10,,15,2,10,True,entropy,0.814736431049
15,,15,2,10,True,entropy,0.820278118173
20,,15,2,10,True,entropy,0.81646067124
10,,15,3,10,True,entropy,0.819834538115
15,,15,3,10,True,entropy,0.828853453496
20,,15,3,10,True,entropy,0.827822633481
10,,15,5,10,True,entropy,0.825742162545
15,,15,5,10,True,entropy,0.82557723504
20,,15,5,10,True,entropy,0.822669672344
10,,15,10,10,True,entropy,0.820635702899
15,,15,10,10,True,entropy,0.828311779673
20,,15,10,10,True,entropy,0.82376213293
10,,20,2,1,True,entropy,0.880900795465
15,,20,2,1,True,entropy,0.902938194877
20,,20,2,1,True,entropy,0.896198053172
10,,20,3,1,True,entropy,0.892505246357
15,,20,3,1,True,entropy,0.901402459265
20,,20,3,1,True,entropy,0.901368746372
10,,20,5,1,True,entropy,0.872645118937
15,,20,5,1,True,entropy,0.891954803692
20,,20,5,1,True,entropy,0.899782452676
10,,20,10,1,True,entropy,0.868910297767
15,,20,10,1,True,entropy,0.875060381449
20,,20,10,1,True,entropy,0.877076126951
10,,20,2,3,True,entropy,0.862866529305
15,,20,2,3,True,entropy,0.862895004131
20,,20,2,3,True,entropy,0.867050017117
10,,20,3,3,True,entropy,0.860223484518
15,,20,3,3,True,entropy,0.856462685906
20,,20,3,3,True,entropy,0.863431943018
10,,20,5,3,True,entropy,0.863006193924
15,,20,5,3,True,entropy,0.855843925476
20,,20,5,3,True,entropy,0.862892385374
10,,20,10,3,True,entropy,0.858095910539
15,,20,10,3,True,entropy,0.860792939085
20,,20,10,3,True,entropy,0.862165149755
10,,20,2,10,True,entropy,0.824964127268
15,,20,2,10,True,entropy,0.82612227879
20,,20,2,10,True,entropy,0.823658832261
10,,20,3,10,True,entropy,0.818537521427
15,,20,3,10,True,entropy,0.827179092213
20,,20,3,10,True,entropy,0.829449549295
10,,20,5,10,True,entropy,0.825183470734
15,,20,5,10,True,entropy,0.833510138798
20,,20,5,10,True,entropy,0.828769091745
10,,20,10,10,True,entropy,0.824033891597
15,,20,10,10,True,entropy,0.829461260185
20,,20,10,10,True,entropy,0.836370014046
10,3,1,2,1,False,gini,0.621311313355
15,3,1,2,1,False,gini,0.65857663593
20,3,1,2,1,False,gini,0.666976036266
10,3,1,3,1,False,gini,0.599409701435
15,3,1,3,1,False,gini,0.713153434734
20,3,1,3,1,False,gini,0.684324446996
10,3,1,5,1,False,gini,0.559776422716
15,3,1,5,1,False,gini,0.673965320629
20,3,1,5,1,False,gini,0.666175348267
10,3,1,10,1,False,gini,0.607228521959
15,3,1,10,1,False,gini,0.667229715527
20,3,1,10,1,False,gini,0.679256313239
10,3,1,2,3,False,gini,0.653444029017
15,3,1,2,3,False,gini,0.63422793073
20,3,1,2,3,False,gini,0.649817760841
10,3,1,3,3,False,gini,0.576207703298
15,3,1,3,3,False,gini,0.629535557453
20,3,1,3,3,False,gini,0.633454576904
10,3,1,5,3,False,gini,0.6054909726
15,3,1,5,3,False,gini,0.646403405566
20,3,1,5,3,False,gini,0.667934628272
10,3,1,10,3,False,gini,0.601598358758
15,3,1,10,3,False,gini,0.588528604589
20,3,1,10,3,False,gini,0.654204048228
10,3,1,2,10,False,gini,0.596497331855
15,3,1,2,10,False,gini,0.697117516327
20,3,1,2,10,False,gini,0.598462419828
10,3,1,3,10,False,gini,0.533065102438
15,3,1,3,10,False,gini,0.578890371174
20,3,1,3,10,False,gini,0.597893258268
10,3,1,5,10,False,gini,0.56179609609
15,3,1,5,10,False,gini,0.57286030734
20,3,1,5,10,False,gini,0.61195177463
10,3,1,10,10,False,gini,0.61484383594
15,3,1,10,10,False,gini,0.595554811764
20,3,1,10,10,False,gini,0.571581488006
10,3,3,2,1,False,gini,0.675058737185
15,3,3,2,1,False,gini,0.717902688551
20,3,3,2,1,False,gini,0.700457530193
10,3,3,3,1,False,gini,0.652836995727
15,3,3,3,1,False,gini,0.695809833294
20,3,3,3,1,False,gini,0.693094882141
10,3,3,5,1,False,gini,0.687470475878
15,3,3,5,1,False,gini,0.693916832853
20,3,3,5,1,False,gini,0.691971454379
10,3,3,10,1,False,gini,0.647176089067
15,3,3,10,1,False,gini,0.688274327935
20,3,3,10,1,False,gini,0.676449428085
10,3,3,2,3,False,gini,0.661873741321
15,3,3,2,3,False,gini,0.700986584172
20,3,3,2,3,False,gini,0.727328656363
10,3,3,3,3,False,gini,0.652890085072
15,3,3,3,3,False,gini,0.675765918741
20,3,3,3,3,False,gini,0.682929073174
10,3,3,5,3,False,gini,0.693223270055
15,3,3,5,3,False,gini,0.726793422246
20,3,3,5,3,False,gini,0.723226873233
10,3,3,10,3,False,gini,0.660103288709
15,3,3,10,3,False,gini,0.684831842136
20,3,3,10,3,False,gini,0.704341781431
10,3,3,2,10,False,gini,0.718988397137
15,3,3,2,10,False,gini,0.621830665389
20,3,3,2,10,False,gini,0.71202611224
10,3,3,3,10,False,gini,0.664792922918
15,3,3,3,10,False,gini,0.694582072456
20,3,3,3,10,False,gini,0.706880825632
10,3,3,5,10,False,gini,0.633511230221
15,3,3,5,10,False,gini,0.648924047021
20,3,3,5,10,False,gini,0.69434678777
10,3,3,10,10,False,gini,0.651080917203
15,3,3,10,10,False,gini,0.727671898513
20,3,3,10,10,False,gini,0.723893795366
10,3,10,2,1,False,gini,0.752005933111
15,3,10,2,1,False,gini,0.740976357705
20,3,10,2,1,False,gini,0.756599994308
10,3,10,3,1,False,gini,0.753426601057
15,3,10,3,1,False,gini,0.758592590483
20,3,10,3,1,False,gini,0.763547406288
10,3,10,5,1,False,gini,0.754341289538
15,3,10,5,1,False,gini,0.755796935414
20,3,10,5,1,False,gini,0.757217914694
10,3,10,10,1,False,gini,0.724295291608
15,3,10,10,1,False,gini,0.745728632736
20,3,10,10,1,False,gini,0.757408831612
10,3,10,2,3,False,gini,0.739835390731
15,3,10,2,3,False,gini,0.751126868508
20,3,10,2,3,False,gini,0.74767474864
10,3,10,3,3,False,gini,0.757617786437
15,3,10,3,3,False,gini,0.741239916215
20,3,10,3,3,False,gini,0.743147641979
10,3,10,5,3,False,gini,0.745247654092
15,3,10,5,3,False,gini,0.769584358927
20,3,10,5,3,False,gini,0.759065920765
10,3,10,10,3,False,gini,0.756510672885
15,3,10,10,3,False,gini,0.761109266166
20,3,10,10,3,False,gini,0.753090859526
10,3,10,2,10,False,gini,0.731215815044
15,3,10,2,10,False,gini,0.761550847244
20,3,10,2,10,False,gini,0.765747137732
10,3,10,3,10,False,gini,0.74161864456
15,3,10,3,10,False,gini,0.744510336556
20,3,10,3,10,False,gini,0.750331794343
10,3,10,5,10,False,gini,0.754669816772
15,3,10,5,10,False,gini,0.748746546298
20,3,10,5,10,False,gini,0.746646528656
10,3,10,10,10,False,gini,0.765183273004
15,3,10,10,10,False,gini,0.738004866607
20,3,10,10,10,False,gini,0.744593633861
10,3,15,2,1,False,gini,0.772776028702
15,3,15,2,1,False,gini,0.771655411511
20,3,15,2,1,False,gini,0.760651590536
10,3,15,3,1,False,gini,0.777145158866
15,3,15,3,1,False,gini,0.770882194683
20,3,15,3,1,False,gini,0.770453153433
10,3,15,5,1,False,gini,0.764767195598
15,3,15,5,1,False,gini,0.765983127281
20,3,15,5,1,False,gini,0.758920980941
10,3,15,10,1,False,gini,0.755618124649
15,3,15,10,1,False,gini,0.768266031487
20,3,15,10,1,False,gini,0.769426602688
10,3,15,2,3,False,gini,0.731591439847
15,3,15,2,3,False,gini,0.750787229442
20,3,15,2,3,False,gini,0.778774382581
10,3,15,3,3,False,gini,0.761130025374
15,3,15,3,3,False,gini,0.761374767023
20,3,15,3,3,False,gini,0.769951535226
10,3,15,5,3,False,gini,0.768777411138
15,3,15,5,3,False,gini,0.763818198096
20,3,15,5,3,False,gini,0.766780629706
10,3,15,10,3,False,gini,0.780272029129
15,3,15,10,3,False,gini,0.768078775433
20,3,15,10,3,False,gini,0.769835508838
10,3,15,2,10,False,gini,0.77072724009
15,3,15,2,10,False,gini,0.777682028494
20,3,15,2,10,False,gini,0.772919961875
10,3,15,3,10,False,gini,0.763783803611
15,3,15,3,10,False,gini,0.778919862507
20,3,15,3,10,False,gini,0.773651226919
10,3,15,5,10,False,gini,0.750033737608
15,3,15,5,10,False,gini,0.755532924102
20,3,15,5,10,False,gini,0.754861785631
10,3,15,10,10,False,gini,0.757283335366
15,3,15,10,10,False,gini,0.764587912468
20,3,15,10,10,False,gini,0.755999947482
10,3,20,2,1,False,gini,0.769046360229
15,3,20,2,1,False,gini,0.778553733614
20,3,20,2,1,False,gini,0.771469591022
10,3,20,3,1,False,gini,0.771285151138
15,3,20,3,1,False,gini,0.77353195489
20,3,20,3,1,False,gini,0.780108228952
10,3,20,5,1,False,gini,0.78360891675
15,3,20,5,1,False,gini,0.775501447464
20,3,20,5,1,False,gini,0.777597280404
10,3,20,10,1,False,gini,0.782191892881
15,3,20,10,1,False,gini,0.772439195153
20,3,20,10,1,False,gini,0.777308666886
10,3,20,2,3,False,gini,0.783401011568
15,3,20,2,3,False,gini,0.77747928564
20,3,20,2,3,False,gini,0.777633744989
10,3,20,3,3,False,gini,0.767167434865
15,3,20,3,3,False,gini,0.778009363513
20,3,20,3,3,False,gini,0.769308731963
10,3,20,5,3,False,gini,0.765596627726
15,3,20,5,3,False,gini,0.77325972623
20,3,20,5,3,False,gini,0.776178779812
10,3,20,10,3,False,gini,0.773710648373
15,3,20,10,3,False,gini,0.782111097842
20,3,20,10,3,False,gini,0.779252629986
10,3,20,2,10,False,gini,0.772367945658
15,3,20,2,10,False,gini,0.78111345153
20,3,20,2,10,False,gini,0.776360144579
10,3,20,3,10,False,gini,0.745996761418
15,3,20,3,10,False,gini,0.7755134458
20,3,20,3,10,False,gini,0.774329981002
10,3,20,5,10,False,gini,0.745689321731
15,3,20,5,10,False,gini,0.778819232877
20,3,20,5,10,False,gini,0.782561277239
10,3,20,10,10,False,gini,0.752128891972
15,3,20,10,10,False,gini,0.77986254191
20,3,20,10,10,False,gini,0.778027815493
10,,1,2,1,False,gini,0.841622279289
15,,1,2,1,False,gini,0.860638892169
20,,1,2,1,False,gini,0.86014092548
10,,1,3,1,False,gini,0.844392373053
15,,1,3,1,False,gini,0.852333757985
20,,1,3,1,False,gini,0.861712225835
10,,1,5,1,False,gini,0.853951029682
15,,1,5,1,False,gini,0.859068880814
20,,1,5,1,False,gini,0.871650667312
10,,1,10,1,False,gini,0.826765195591
15,,1,10,1,False,gini,0.862762355676
20,,1,10,1,False,gini,0.857944605013
10,,1,2,3,False,gini,0.643495410838
15,,1,2,3,False,gini,0.657330596366
20,,1,2,3,False,gini,0.675350055829
10,,1,3,3,False,gini,0.631570491333
15,,1,3,3,False,gini,0.671136030755
20,,1,3,3,False,gini,0.693374850367
10,,1,5,3,False,gini,0.646980571041
15,,1,5,3,False,gini,0.676314728975
20,,1,5,3,False,gini,0.715901699596
10,,1,10,3,False,gini,0.624617626085
15,,1,10,3,False,gini,0.657534274855
20,,1,10,3,False,gini,0.714969277314
10,,1,2,10,False,gini,0.585811179825
15,,1,2,10,False,gini,0.704252318085
20,,1,2,10,False,gini,0.627221603547
10,,1,3,10,False,gini,0.591671602436
15,,1,3,10,False,gini,0.637396023568
20,,1,3,10,False,gini,0.643279613033
10,,1,5,10,False,gini,0.583193503048
15,,1,5,10,False,gini,0.628562177612
20,,1,5,10,False,gini,0.663247724051
10,,1,10,10,False,gini,0.6150306978
15,,1,10,10,False,gini,0.650764740713
20,,1,10,10,False,gini,0.597471531841
10,,3,2,1,False,gini,0.848021024646
15,,3,2,1,False,gini,0.867983706706
20,,3,2,1,False,gini,0.876284682147
10,,3,3,1,False,gini,0.865395502907
15,,3,3,1,False,gini,0.878483859177
20,,3,3,1,False,gini,0.874745333223
10,,3,5,1,False,gini,0.866390291541
15,,3,5,1,False,gini,0.870601515579
20,,3,5,1,False,gini,0.881501599175
10,,3,10,1,False,gini,0.852259359584
15,,3,10,1,False,gini,0.859624114978
20,,3,10,1,False,gini,0.869535957774
10,,3,2,3,False,gini,0.743278562271
15,,3,2,3,False,gini,0.76628581345
20,,3,2,3,False,gini,0.78379102314
10,,3,3,3,False,gini,0.75210165128
15,,3,3,3,False,gini,0.771744451256
20,,3,3,3,False,gini,0.790348369512
10,,3,5,3,False,gini,0.765036464705
15,,3,5,3,False,gini,0.761795649847
20,,3,5,3,False,gini,0.785952541826
10,,3,10,3,False,gini,0.747935189777
15,,3,10,3,False,gini,0.773378297605
20,,3,10,3,False,gini,0.774158887467
10,,3,2,10,False,gini,0.686721883885
15,,3,2,10,False,gini,0.737924099549
20,,3,2,10,False,gini,0.740638649363
10,,3,3,10,False,gini,0.697319410853
15,,3,3,10,False,gini,0.742988368235
20,,3,3,10,False,gini,0.713816314636
10,,3,5,10,False,gini,0.737708713835
15,,3,5,10,False,gini,0.733923039604
20,,3,5,10,False,gini,0.735424853272
10,,3,10,10,False,gini,0.722888517284
15,,3,10,10,False,gini,0.717401508244
20,,3,10,10,False,gini,0.737261479491
10,,10,2,1,False,gini,0.882532482854
15,,10,2,1,False,gini,0.900352430022
20,,10,2,1,False,gini,0.895646663346
10,,10,3,1,False,gini,0.893529357318
15,,10,3,1,False,gini,0.894054243122
20,,10,3,1,False,gini,0.898260496204
10,,10,5,1,False,gini,0.890962224715
15,,10,5,1,False,gini,0.90036213743
20,,10,5,1,False,gini,0.901921659879
10,,10,10,1,False,gini,0.888269411878
15,,10,10,1,False,gini,0.887252539486
20,,10,10,1,False,gini,0.894529778944
10,,10,2,3,False,gini,0.842043109951
15,,10,2,3,False,gini,0.856626767632
20,,10,2,3,False,gini,0.854578309301
10,,10,3,3,False,gini,0.842552564421
15,,10,3,3,False,gini,0.852508658758
20,,10,3,3,False,gini,0.855968580434
10,,10,5,3,False,gini,0.852340731644
15,,10,5,3,False,gini,0.847199634581
20,,10,5,3,False,gini,0.863037276546
10,,10,10,3,False,gini,0.850935506672
15,,10,10,3,False,gini,0.838333782306
20,,10,10,3,False,gini,0.854975243201
10,,10,2,10,False,gini,0.817134929038
15,,10,2,10,False,gini,0.825200011315
20,,10,2,10,False,gini,0.826977157191
10,,10,3,10,False,gini,0.817732850823
15,,10,3,10,False,gini,0.829141903272
20,,10,3,10,False,gini,0.821391860638
10,,10,5,10,False,gini,0.805084474976
15,,10,5,10,False,gini,0.819306173262
20,,10,5,10,False,gini,0.824925631051
10,,10,10,10,False,gini,0.817702051705
15,,10,10,10,False,gini,0.814521020166
20,,10,10,10,False,gini,0.824371909414
10,,15,2,1,False,gini,0.885138313612
15,,15,2,1,False,gini,0.896716827195
20,,15,2,1,False,gini,0.907651642485
10,,15,3,1,False,gini,0.901392493569
15,,15,3,1,False,gini,0.90033465234
20,,15,3,1,False,gini,0.907630493854
10,,15,5,1,False,gini,0.900886381952
15,,15,5,1,False,gini,0.90555699265
20,,15,5,1,False,gini,0.912335074177
10,,15,10,1,False,gini,0.889885266295
15,,15,10,1,False,gini,0.894012638727
20,,15,10,1,False,gini,0.897675661501
10,,15,2,3,False,gini,0.857869925863
15,,15,2,3,False,gini,0.873476671759
20,,15,2,3,False,gini,0.875953174719
10,,15,3,3,False,gini,0.865082183438
15,,15,3,3,False,gini,0.867162191033
20,,15,3,3,False,gini,0.870180452331
10,,15,5,3,False,gini,0.861992066206
15,,15,5,3,False,gini,0.865107574889
20,,15,5,3,False,gini,0.873979662833
10,,15,10,3,False,gini,0.852556357405
15,,15,10,3,False,gini,0.867526215439
20,,15,10,3,False,gini,0.870672098348
10,,15,2,10,False,gini,0.830981658487
15,,15,2,10,False,gini,0.839812963717
20,,15,2,10,False,gini,0.833670350109
10,,15,3,10,False,gini,0.834475251203
15,,15,3,10,False,gini,0.828061773853
20,,15,3,10,False,gini,0.834570958419
10,,15,5,10,False,gini,0.825259360831
15,,15,5,10,False,gini,0.83090406109
20,,15,5,10,False,gini,0.834059722696
10,,15,10,10,False,gini,0.835279211826
15,,15,10,10,False,gini,0.843935424164
20,,15,10,10,False,gini,0.835447908979
10,,20,2,1,False,gini,0.891985210878
15,,20,2,1,False,gini,0.910753922035
20,,20,2,1,False,gini,0.901862729144
10,,20,3,1,False,gini,0.88835194004
15,,20,3,1,False,gini,0.899826714309
20,,20,3,1,False,gini,0.91026956946
10,,20,5,1,False,gini,0.898247285991
15,,20,5,1,False,gini,0.911807350474
20,,20,5,1,False,gini,0.910221947153
10,,20,10,1,False,gini,0.890367882784
15,,20,10,1,False,gini,0.896654885583
20,,20,10,1,False,gini,0.897713648948
10,,20,2,3,False,gini,0.877693049698
15,,20,2,3,False,gini,0.883478248541
20,,20,2,3,False,gini,0.881855597858
10,,20,3,3,False,gini,0.873594951932
15,,20,3,3,False,gini,0.880777765603
20,,20,3,3,False,gini,0.881874995411
10,,20,5,3,False,gini,0.878177335886
15,,20,5,3,False,gini,0.881275701285
20,,20,5,3,False,gini,0.880712614977
10,,20,10,3,False,gini,0.870372207397
15,,20,10,3,False,gini,0.874988619141
20,,20,10,3,False,gini,0.866660737728
10,,20,2,10,False,gini,0.833748973023
15,,20,2,10,False,gini,0.836490832308
20,,20,2,10,False,gini,0.838219328628
10,,20,3,10,False,gini,0.829628634382
15,,20,3,10,False,gini,0.842510955801
20,,20,3,10,False,gini,0.836145418704
10,,20,5,10,False,gini,0.832033962827
15,,20,5,10,False,gini,0.841835250214
20,,20,5,10,False,gini,0.843408924771
10,,20,10,10,False,gini,0.834634254161
15,,20,10,10,False,gini,0.838770856459
20,,20,10,10,False,gini,0.838044720456
10,3,1,2,1,False,entropy,0.617019401728
15,3,1,2,1,False,entropy,0.623436912627
20,3,1,2,1,False,entropy,0.649346113289
10,3,1,3,1,False,entropy,0.638970777619
15,3,1,3,1,False,entropy,0.680515505589
20,3,1,3,1,False,entropy,0.708328041786
10,3,1,5,1,False,entropy,0.620866079238
15,3,1,5,1,False,entropy,0.624788825555
20,3,1,5,1,False,entropy,0.684182790484
10,3,1,10,1,False,entropy,0.56382140906
15,3,1,10,1,False,entropy,0.70093028236
20,3,1,10,1,False,entropy,0.691690208219
10,3,1,2,3,False,entropy,0.576223246371
15,3,1,2,3,False,entropy,0.590414555293
20,3,1,2,3,False,entropy,0.62717908368
10,3,1,3,3,False,entropy,0.595408629534
15,3,1,3,3,False,entropy,0.658207811163
20,3,1,3,3,False,entropy,0.627918822515
10,3,1,5,3,False,entropy,0.586081833845
15,3,1,5,3,False,entropy,0.621301244018
20,3,1,5,3,False,entropy,0.648303678968
10,3,1,10,3,False,entropy,0.595723769349
15,3,1,10,3,False,entropy,0.607333665774
20,3,1,10,3,False,entropy,0.620478768367
10,3,1,2,10,False,entropy,0.561975136671
15,3,1,2,10,False,entropy,0.580082833754
20,3,1,2,10,False,entropy,0.626509772072
10,3,1,3,10,False,entropy,0.556086047062
15,3,1,3,10,False,entropy,0.559689432563
20,3,1,3,10,False,entropy,0.652514185118
10,3,1,5,10,False,entropy,0.554367950378
15,3,1,5,10,False,entropy,0.637573071283
20,3,1,5,10,False,entropy,0.634973008399
10,3,1,10,10,False,entropy,0.627632824333
15,3,1,10,10,False,entropy,0.584239869094
20,3,1,10,10,False,entropy,0.594457218109
10,3,3,2,1,False,entropy,0.681217283338
15,3,3,2,1,False,entropy,0.700202351561
20,3,3,2,1,False,entropy,0.686213264201
10,3,3,3,1,False,entropy,0.691447983996
15,3,3,3,1,False,entropy,0.679544259091
20,3,3,3,1,False,entropy,0.713265806014
10,3,3,5,1,False,entropy,0.690078787452
15,3,3,5,1,False,entropy,0.731066385686
20,3,3,5,1,False,entropy,0.691547100701
10,3,3,10,1,False,entropy,0.685390307616
15,3,3,10,1,False,entropy,0.708090706589
20,3,3,10,1,False,entropy,0.709268160114
10,3,3,2,3,False,entropy,0.648731761037
15,3,3,2,3,False,entropy,0.67816948352
20,3,3,2,3,False,entropy,0.719785436142
10,3,3,3,3,False,entropy,0.668627001823
15,3,3,3,3,False,entropy,0.688677655175
20,3,3,3,3,False,entropy,0.717124659244
10,3,3,5,3,False,entropy,0.65728559973
15,3,3,5,3,False,entropy,0.668540255676
20,3,3,5,3,False,entropy,0.706895346735
10,3,3,10,3,False,entropy,0.656451084269
15,3,3,10,3,False,entropy,0.722867780551
20,3,3,10,3,False,entropy,0.696441486608
10,3,3,2,10,False,entropy,0.640226384303
15,3,3,2,10,False,entropy,0.695592014671
20,3,3,2,10,False,entropy,0.73036418659
10,3,3,3,10,False,entropy,0.665156778448
15,3,3,3,10,False,entropy,0.658576414502
20,3,3,3,10,False,entropy,0.703686638405
10,3,3,5,10,False,entropy,0.661164147111
15,3,3,5,10,False,entropy,0.698838422606
20,3,3,5,10,False,entropy,0.671750833974
10,3,3,10,10,False,entropy,0.626942624359
15,3,3,10,10,False,entropy,0.711330744126
20,3,3,10,10,False,entropy,0.694050655045
10,3,10,2,1,False,entropy,0.751680544147
15,3,10,2,1,False,entropy,0.744298128342
20,3,10,2,1,False,entropy,0.759112494363
10,3,10,3,1,False,entropy,0.762015113053
15,3,10,3,1,False,entropy,0.734562996672
20,3,10,3,1,False,entropy,0.73958367508
10,3,10,5,1,False,entropy,0.743075375929
15,3,10,5,1,False,entropy,0.71537770907
20,3,10,5,1,False,entropy,0.756416903503
10,3,10,10,1,False,entropy,0.74564268349
15,3,10,10,1,False,entropy,0.77710274392
20,3,10,10,1,False,entropy,0.758111165935
10,3,10,2,3,False,entropy,0.738683629628
15,3,10,2,3,False,entropy,0.755488850918
20,3,10,2,3,False,entropy,0.757362401705
10,3,10,3,3,False,entropy,0.705945370678
15,3,10,3,3,False,entropy,0.721849132213
20,3,10,3,3,False,entropy,0.77185651848
10,3,10,5,3,False,entropy,0.744583230055
15,3,10,5,3,False,entropy,0.745068939112
20,3,10,5,3,False,entropy,0.773994971765
10,3,10,10,3,False,entropy,0.714332525934
15,3,10,10,3,False,entropy,0.752457570439
20,3,10,10,3,False,entropy,0.741668293966
10,3,10,2,10,False,entropy,0.743225311316
15,3,10,2,10,False,entropy,0.757465877967
20,3,10,2,10,False,entropy,0.76261125306
10,3,10,3,10,False,entropy,0.727120077491
15,3,10,3,10,False,entropy,0.772293897732
20,3,10,3,10,False,entropy,0.75787633319
10,3,10,5,10,False,entropy,0.737415170553
15,3,10,5,10,False,entropy,0.758468954382
20,3,10,5,10,False,entropy,0.766555681219
10,3,10,10,10,False,entropy,0.741416840242
15,3,10,10,10,False,entropy,0.761332700901
20,3,10,10,10,False,entropy,0.752837367618
10,3,15,2,1,False,entropy,0.762508910479
15,3,15,2,1,False,entropy,0.750488131591
20,3,15,2,1,False,entropy,0.771476075628
10,3,15,3,1,False,entropy,0.766752443947
15,3,15,3,1,False,entropy,0.761135721177
20,3,15,3,1,False,entropy,0.758413326268
10,3,15,5,1,False,entropy,0.761160722399
15,3,15,5,1,False,entropy,0.767062649741
20,3,15,5,1,False,entropy,0.763302927341
10,3,15,10,1,False,entropy,0.778954883371
15,3,15,10,1,False,entropy,0.775913358691
20,3,15,10,1,False,entropy,0.768907201656
10,3,15,2,3,False,entropy,0.760143831293
15,3,15,2,3,False,entropy,0.769067196972
20,3,15,2,3,False,entropy,0.771313651143
10,3,15,3,3,False,entropy,0.769311177455
15,3,15,3,3,False,entropy,0.761204348201
20,3,15,3,3,False,entropy,0.755188121078
10,3,15,5,3,False,entropy,0.776339609293
15,3,15,5,3,False,entropy,0.769707687072
20,3,15,5,3,False,entropy,0.771912425385
10,3,15,10,3,False,entropy,0.753300981682
15,3,15,10,3,False,entropy,0.782166406157
20,3,15,10,3,False,entropy,0.774096096618
10,3,15,2,10,False,entropy,0.776499386447
15,3,15,2,10,False,entropy,0.761138530453
20,3,15,2,10,False,entropy,0.775168057639
10,3,15,3,10,False,entropy,0.754869824731
15,3,15,3,10,False,entropy,0.764181028672
20,3,15,3,10,False,entropy,0.78172905784
10,3,15,5,10,False,entropy,0.749838658744
15,3,15,5,10,False,entropy,0.770918208714
20,3,15,5,10,False,entropy,0.775417208424
10,3,15,10,10,False,entropy,0.772266350563
15,3,15,10,10,False,entropy,0.772240218301
20,3,15,10,10,False,entropy,0.779676902926
10,3,20,2,1,False,entropy,0.785044166899
15,3,20,2,1,False,entropy,0.78449709612
20,3,20,2,1,False,entropy,0.77637967079
10,3,20,3,1,False,entropy,0.763785498375
15,3,20,3,1,False,entropy,0.7762167192
20,3,20,3,1,False,entropy,0.788673323545
10,3,20,5,1,False,entropy,0.783541679716
15,3,20,5,1,False,entropy,0.790494112135
20,3,20,5,1,False,entropy,0.782190992133
10,3,20,10,1,False,entropy,0.764907325201
15,3,20,10,1,False,entropy,0.768875644815
20,3,20,10,1,False,entropy,0.785427089993
10,3,20,2,3,False,entropy,0.776604933664
15,3,20,2,3,False,entropy,0.767445283579
20,3,20,2,3,False,entropy,0.779849090011
10,3,20,3,3,False,entropy,0.77221116938
15,3,20,3,3,False,entropy,0.779371761889
20,3,20,3,3,False,entropy,0.782696023943
10,3,20,5,3,False,entropy,0.774716298538
15,3,20,5,3,False,entropy,0.787618158721
20,3,20,5,3,False,entropy,0.776469203923
10,3,20,10,3,False,entropy,0.776357058011
15,3,20,10,3,False,entropy,0.778330882923
20,3,20,10,3,False,entropy,0.774370816171
10,3,20,2,10,False,entropy,0.787689577296
15,3,20,2,10,False,entropy,0.781402242162
20,3,20,2,10,False,entropy,0.782309020548
10,3,20,3,10,False,entropy,0.782289898071
15,3,20,3,10,False,entropy,0.776645498161
20,3,20,3,10,False,entropy,0.780962429505
10,3,20,5,10,False,entropy,0.765511089824
15,3,20,5,10,False,entropy,0.787650459957
20,3,20,5,10,False,entropy,0.781099874702
10,3,20,10,10,False,entropy,0.780852897647
15,3,20,10,10,False,entropy,0.782749771103
20,3,20,10,10,False,entropy,0.783852966775
10,,1,2,1,False,entropy,0.834206765426
15,,1,2,1,False,entropy,0.866900467137
20,,1,2,1,False,entropy,0.858026661443
10,,1,3,1,False,entropy,0.843783477763
15,,1,3,1,False,entropy,0.869530733145
20,,1,3,1,False,entropy,0.85752628668
10,,1,5,1,False,entropy,0.851753772474
15,,1,5,1,False,entropy,0.863269788116
20,,1,5,1,False,entropy,0.858585999873
10,,1,10,1,False,entropy,0.837180785512
15,,1,10,1,False,entropy,0.852383081371
20,,1,10,1,False,entropy,0.857015428005
10,,1,2,3,False,entropy,0.610677661301
15,,1,2,3,False,entropy,0.670379122964
20,,1,2,3,False,entropy,0.668924341525
10,,1,3,3,False,entropy,0.640511506663
15,,1,3,3,False,entropy,0.733821614693
20,,1,3,3,False,entropy,0.706840303099
10,,1,5,3,False,entropy,0.648803792426
15,,1,5,3,False,entropy,0.658675582747
20,,1,5,3,False,entropy,0.705581382211
10,,1,10,3,False,entropy,0.690184953738
15,,1,10,3,False,entropy,0.669005587007
20,,1,10,3,False,entropy,0.692447110373
10,,1,2,10,False,entropy,0.590050263369
15,,1,2,10,False,entropy,0.685244444423
20,,1,2,10,False,entropy,0.603986984275
10,,1,3,10,False,entropy,0.592161705947
15,,1,3,10,False,entropy,0.613899765136
20,,1,3,10,False,entropy,0.63701005769
10,,1,5,10,False,entropy,0.580424208528
15,,1,5,10,False,entropy,0.634131250957
20,,1,5,10,False,entropy,0.656403073813
10,,1,10,10,False,entropy,0.577883435332
15,,1,10,10,False,entropy,0.661868600849
20,,1,10,10,False,entropy,0.621953982512
10,,3,2,1,False,entropy,0.864089837693
15,,3,2,1,False,entropy,0.867399815477
20,,3,2,1,False,entropy,0.871076393206
10,,3,3,1,False,entropy,0.859640377903
15,,3,3,1,False,entropy,0.87734369954
20,,3,3,1,False,entropy,0.876299393236
10,,3,5,1,False,entropy,0.860155462501
15,,3,5,1,False,entropy,0.878462721092
20,,3,5,1,False,entropy,0.878990254965
10,,3,10,1,False,entropy,0.85339290691
15,,3,10,1,False,entropy,0.856952370114
20,,3,10,1,False,entropy,0.881011922365
10,,3,2,3,False,entropy,0.74847106557
15,,3,2,3,False,entropy,0.769543250446
20,,3,2,3,False,entropy,0.79046637883
10,,3,3,3,False,entropy,0.744096292787
15,,3,3,3,False,entropy,0.785011440577
20,,3,3,3,False,entropy,0.780816288505
10,,3,5,3,False,entropy,0.75808844201
15,,3,5,3,False,entropy,0.769499735231
20,,3,5,3,False,entropy,0.795483882863
10,,3,10,3,False,entropy,0.750596068252
15,,3,10,3,False,entropy,0.772977331286
20,,3,10,3,False,entropy,0.780393618012
10,,3,2,10,False,entropy,0.712666515097
15,,3,2,10,False,entropy,0.731898448972
20,,3,2,10,False,entropy,0.726262752718
10,,3,3,10,False,entropy,0.677976435447
15,,3,3,10,False,entropy,0.732770233664
20,,3,3,10,False,entropy,0.748491055402
10,,3,5,10,False,entropy,0.708237557104
15,,3,5,10,False,entropy,0.75104686511
20,,3,5,10,False,entropy,0.743997152174
10,,3,10,10,False,entropy,0.749734011137
15,,3,10,10,False,entropy,0.728340897464
20,,3,10,10,False,entropy,0.729210063037
10,,10,2,1,False,entropy,0.876780500764
15,,10,2,1,False,entropy,0.902380665929
20,,10,2,1,False,entropy,0.896131264639
10,,10,3,1,False,entropy,0.885218538393
15,,10,3,1,False,entropy,0.900322611167
20,,10,3,1,False,entropy,0.899303053175
10,,10,5,1,False,entropy,0.895149435213
15,,10,5,1,False,entropy,0.901880768565
20,,10,5,1,False,entropy,0.909750499735
10,,10,10,1,False,entropy,0.890439410667
15,,10,10,1,False,entropy,0.894039323992
20,,10,10,1,False,entropy,0.896142646036
10,,10,2,3,False,entropy,0.852059595143
15,,10,2,3,False,entropy,0.850365624431
20,,10,2,3,False,entropy,0.858046240587
10,,10,3,3,False,entropy,0.848134529948
15,,10,3,3,False,entropy,0.849253322464
20,,10,3,3,False,entropy,0.855394137768
10,,10,5,3,False,entropy,0.84518345537
15,,10,5,3,False,entropy,0.851294854727
20,,10,5,3,False,entropy,0.858542286056
10,,10,10,3,False,entropy,0.848622410525
15,,10,10,3,False,entropy,0.854089968528
20,,10,10,3,False,entropy,0.853850455543
10,,10,2,10,False,entropy,0.810862657824
15,,10,2,10,False,entropy,0.828249542666
20,,10,2,10,False,entropy,0.821094434961
10,,10,3,10,False,entropy,0.814721841163
15,,10,3,10,False,entropy,0.821193588437
20,,10,3,10,False,entropy,0.819872121605
10,,10,5,10,False,entropy,0.809118935102
15,,10,5,10,False,entropy,0.822584917656
20,,10,5,10,False,entropy,0.828454906805
10,,10,10,10,False,entropy,0.819525492549
15,,10,10,10,False,entropy,0.818020169918
20,,10,10,10,False,entropy,0.829388824228
10,,15,2,1,False,entropy,0.876750921754
15,,15,2,1,False,entropy,0.903484570947
20,,15,2,1,False,entropy,0.896189610337
10,,15,3,1,False,entropy,0.881059671357
15,,15,3,1,False,entropy,0.905050095784
20,,15,3,1,False,entropy,0.909713465348
10,,15,5,1,False,entropy,0.907133415088
15,,15,5,1,False,entropy,0.907155365723
20,,15,5,1,False,entropy,0.908691521714
10,,15,10,1,False,entropy,0.891382287832
15,,15,10,1,False,entropy,0.899198328632
20,,15,10,1,False,entropy,0.90395450498
10,,15,2,3,False,entropy,0.859809856752
15,,15,2,3,False,entropy,0.873497827005
20,,15,2,3,False,entropy,0.8744571821
10,,15,3,3,False,entropy,0.859261100734
15,,15,3,3,False,entropy,0.870831476508
20,,15,3,3,False,entropy,0.879203979136
10,,15,5,3,False,entropy,0.867278416228
15,,15,5,3,False,entropy,0.879100343792
20,,15,5,3,False,entropy,0.865607461506
10,,15,10,3,False,entropy,0.853666329058
15,,15,10,3,False,entropy,0.867646042794
20,,15,10,3,False,entropy,0.870711164843
10,,15,2,10,False,entropy,0.835358039014
15,,15,2,10,False,entropy,0.833659399614
20,,15,2,10,False,entropy,0.839699885784
10,,15,3,10,False,entropy,0.826115445653
15,,15,3,10,False,entropy,0.832379584183
20,,15,3,10,False,entropy,0.839243777879
10,,15,5,10,False,entropy,0.826350972666
15,,15,5,10,False,entropy,0.828807960515
20,,15,5,10,False,entropy,0.843954016592
10,,15,10,10,False,entropy,0.830924944727
15,,15,10,10,False,entropy,0.828415089385
20,,15,10,10,False,entropy,0.832822720858
10,,20,2,1,False,entropy,0.887258669889
15,,20,2,1,False,entropy,0.904530648517
20,,20,2,1,False,entropy,0.910271169763
10,,20,3,1,False,entropy,0.899302217714
15,,20,3,1,False,entropy,0.903995881545
20,,20,3,1,False,entropy,0.904520583588
10,,20,5,1,False,entropy,0.90660584161
15,,20,5,1,False,entropy,0.906077309821
20,,20,5,1,False,entropy,0.914423975961
10,,20,10,1,False,entropy,0.899250187024
15,,20,10,1,False,entropy,0.901391886023
20,,20,10,1,False,entropy,0.900291591311
10,,20,2,3,False,entropy,0.876142998855
15,,20,2,3,False,entropy,0.879256685658
20,,20,2,3,False,entropy,0.882361657804
10,,20,3,3,False,entropy,0.878242230815
15,,20,3,3,False,entropy,0.871360687274
20,,20,3,3,False,entropy,0.884477004893
10,,20,5,3,False,entropy,0.890228880398
15,,20,5,3,False,entropy,0.877134296724
20,,20,5,3,False,entropy,0.882379411415
10,,20,10,3,False,entropy,0.870319580787
15,,20,10,3,False,entropy,0.877165091037
20,,20,10,3,False,entropy,0.873329987561
10,,20,2,10,False,entropy,0.834524542154
15,,20,2,10,False,entropy,0.840325793453
20,,20,2,10,False,entropy,0.843454966548
10,,20,3,10,False,entropy,0.837097816387
15,,20,3,10,False,entropy,0.839752080716
20,,20,3,10,False,entropy,0.841220099969
10,,20,5,10,False,entropy,0.837985170431
15,,20,5,10,False,entropy,0.8363308582
20,,20,5,10,False,entropy,0.841388686544
10,,20,10,10,False,entropy,0.830732089931
15,,20,10,10,False,entropy,0.842656176055
20,,20,10,10,False,entropy,0.844170262124
