id,budget,revenue
353326,10000000,12300000
303858,27000000,92766958
326423,20000000,55030051
127380,200000000,1027188617
333669,20000000,14397593
153518,73000000,345637824
302401,40000000,21371709
290250,50000000,36261763
258509,90000000,234758158
332567,17000000,68850939
241259,170000000,287115105
267935,140000000,183345819
223702,19000000,36200000
291805,90000000,335216079
339397,30000000,34314223
347031,3000000,4121261
308531,135000000,236573787
259693,40000000,315816419
43074,144000000,193786077
302699,50000000,216972543
398535,5900000,13000000
324668,120000000,207989474
258489,180000000,312750024
316727,10000000,96231953
316023,33000000,56148540
278154,105000000,292791062
345911,4900000,89999818
294272,65000000,142313848
262260,354000,3001000
328387,20000000,33003464
363676,60000000,238459249
325789,28000000,14805854
376659,20000000,69241293
338766,12000000,26749794
300669,9900000,153219180
403119,5500000,43609741
32091,20000000,5918742
278924,40000000,110312958
333484,90000000,160400289
376867,1500000,55561162
213681,25000000,17281714
313297,60000000,69491144
95610,35000000,173359300
283552,20000000,25905264
377264,8000000,7315248
317557,15000000,10367161
296524,110000000,118188581
283366,110000000,285540870
346685,45000000,172023948
369883,8500000,20611649
302946,44000000,155160045
391629,5200000,18000000
317930,3000000,7353544
134908,3000000,15000
324786,40000000,163332647
293767,40000000,24321524
258230,43000000,30235517
329865,47000000,174801381
332210,70000000,179825173
313369,30000000,426911465
369885,85000000,109090476
207932,75000000,219304189
331313,40000000,28597222
335796,9000000,79496033
136799,125000000,329482205
286567,10000000,3771397
343611,60000000,161478779
334541,8500000,41055868
334543,12000000,32132825
415214,30200000,167029900
338964,26000000,17725711
340402,17000000,42246220
345920,36000000,76168721
347026,14000000,13819139
329981,10000000,6876720
277834,150000000,634765284
376866,9000000,11692444
384682,45000000,82329052
365942,30000000,14793385
330459,200000000,1055957159
259695,108000000,181963
381288,9000000,275035278
346672,35000000,42106211
274870,110000000,270657489
381284,25000000,230583139
393457,24000000,64098857
342737,7000000,5757620
311324,150000000,329657935
310307,25000000,20661088
356305,38000000,21162122
335797,75000000,431899145
121856,125000000,203017998
381289,22000000,165142855
195590,21500000,2531521
388399,45000000,30039081
334524,20000000,7227038
342473,30000000,105831614
345922,22000000,39637914
262841,125000000,64361194
324542,30000000,17413596
340837,40000000,26559557
47971,85000000,345147764
292280,7400000,23239232
395982,104000,94100
324849,80000000,310830880
14564,25000000,83018523
324552,40000000,158216655
419430,5000000,252195162
263115,97000000,607548168
293167,185000000,146125472
180863,18000000,33351909
397837,5000000,12498674
416477,5000000,44328624
274857,175000000,140766887
241258,5000000,6337659
321612,160000000,1262227838
380124,20000000,74158913
295693,125000000,406932625
173897,40000000,313000000
315837,110000000,130246659
429698,3800000,213104
30680,750000,6100000
341174,55000000,374275967
431093,2000000,6402104
73981,300000,2074000
340676,6000000,269920
345938,20000000,43505116
126889,97000000,213552039
126919,943000,1195000
19766,12000000,56375000
353070,25000000,52488503
137116,60000000,197183546
400928,7000000,40193907
339846,69000000,176928652
282035,125000000,376997670
337339,250000000,1238745495
61541,578000,721000
260514,175000000,309129252
350312,40000000,297817436
399019,10500000,15871398
339403,34000000,175089495
397422,20000000,44436928
324852,80000000,949611336
333667,60000000,20519503
281338,150000000,346613018
293768,21000000,24527158
4820,3480000,5270000
339964,177200000,88902880
341013,30000000,30454630
374720,100000000,524848479
432602,1000000,2446608
335988,217000000,551681781
248747,5000000,38067427
345914,40000000,33281529
353491,60000000,71873047
862,30000000,361958736
8844,50000000,262797249
31357,16000000,14400000
949,60000000,107000000
11860,58000000,87313761
9091,35000000,64350171
710,60000000,352194034
10858,50000000,34642684
524,52000000,116112375
4584,16000000,92100000
9273,30000000,212385533
11517,68000000,77224232
8012,30250000,115101622
9691,50000000,83306268
9909,23000000,179519401
63,29000001,167000000
9598,30000000,254134910
687,11000000,83088295
9603,12000000,77331572
9312,18000000,51741822
11861,10000000,41174130
807,33000000,327311859
10530,55000000,346079773
629,6000000,34449356
11010,3000000,54853000
17182,20000000,53192700
2054,23000000,106269971
10634,3500000,28215918
755,19000000,33500000
11859,50000000,26134477
9623,44000000,63054725
9095,47000000,12272308
9208,50000000,150270147
11062,40000000,13100000
688,24000000,182016617
197,72000000,210409945
33542,7500000,39748899
11066,40000000,61000000
27793,17000000,1331408
9101,31000000,37553752
9302,60000000,100688705
11000,31000000,185260553
9737,19000000,141407024
568,52000000,355237933
414,100000000,336531112
1873,23000000,6700000
8839,50000000,287928194
10329,50000000,152022101
8963,53000000,157400000
1572,90000000,366101666
6520,55000000,127600435
9886,25000000,52400000
9482,70000000,78800000
9344,1500000,20000000
9070,15000000,66050379
1642,22000000,59900000
10802,45000000,37702961
9348,35000000,113374103
3512,60000000,104324083
9804,175000000,264218220
76,2500000,22600000
1909,25000000,68792531
8984,55000000,214015089
8467,16000000,247275374
14275,700000,11830611
628,60000000,223664608
6280,60000000,108431355
11,11000000,775398007
4476,30000000,160638883
28313,17000000,8500000
3036,45000000,112006296
1945,31000000,106683817
6950,50000000,189859560
680,8000000,213928762
161495,22000000,300000
2636,45000000,113000000
2164,55000000,125000000
11395,22000000,45000000
278,25000000,58500000
9905,2500000,17600000
9067,25000000,2500000
193,35000000,120000000
2064,17000000,182100000
236,3000000,57500000
3049,12000000,107217396
9331,62000000,215887717
10731,45000000,25500000
9495,23000000,94000000
888,46000000,358500000
13,55000000,677387716
712,4400000,245700832
10879,45000000,61947267
8587,45000000,987483777
854,18000000,351392727
9359,75000000,183031272
12280,6000000,48424341
2788,11500000,33351557
8987,45000000,47400000
1637,30000000,229200000
8831,27000000,101646581
36955,115000000,378882411
10395,70000000,131002597
12160,63000000,55952000
11667,35000000,105414729
28732,4000000,30000000
8011,26000000,23000000
306,55000000,119204077
6075,30000000,63848322
9350,70000000,255000000
9739,57000000,101000000
37233,42000000,270248367
1634,20000000,76000000
5503,44000000,368875760
41579,30000000,24738164
2019,18000000,74189677
9255,25000000,133752825
11934,30000000,14991000
9386,40000000,187300000
7984,13000000,40700000
329,63000000,1029153882
9593,85000000,137298489
12121,22000000,104900000
2320,55000000,121969216
788,25000000,441286195
11231,12000000,15826984
9559,30000000,104000000
9800,26000000,206678440
7007,35000000,107198790
424,22000000,321306305
8850,25000000,48055248
858,21000000,227900000
867,40000000,80000000
9057,50000000,26978900
771,18000000,248000000
251,22000000,507600000
812,28000000,504050219
280,102000000,315000000
581,22000000,240000000
268,35000000,160160000
274,19000000,272742922
408,2000000,21800000
10020,25000000,424967620
114,14000000,463406268
275,7000000,60611975
1592,30000000,102616183
10684,46000000,100860818
954,80000000,457696359
8840,57000000,115267375
11107,30000000,5700000
2300,80000000,250200000
9103,30000000,35714000
9304,45000000,14000000
9100,15000000,30900000
9802,75000000,335062621
664,92000000,494471524
110465,2049000,5348000
9879,40000000,113309743
602,75000000,817400891
10545,100000000,325338851
9894,47000000,102825796
11543,27000000,7200000
9268,100000000,242295562
9327,54000000,273961019
11228,80000000,159212469
10779,30000000,29359216
9294,32000000,152036382
1645,40000000,152266007
18550,25000000,19900000
18975,25000000,36394530
2925,26000000,181489203
3595,80000000,309492681
12123,50000000,38200000
3573,6000000,15600000
10546,13000000,7500000
10061,50000000,42277365
10478,45000000,22000000
238,6000000,245066411
22479,19000000,2500000
9306,40000000,14300000
872,2540800,12273400
2769,2723903,8005000
164,2500000,14000000
426,2479000,25000000
567,1000000,30000000
213,3101000,22213000
284,3000000,25000000
963,375000,1772000
6620,2238813,10000000
804,1500000,12000000
909,1707561,7566000
630,2800000,4544851
770,3977000,390500000
599,1752000,5000000
62,12000000,190700000
705,1400000,8400000
1859,1365000,1092000
18299,2100000,5000000
3080,609000,3202000
10331,114000,30000000
488,1000000,10750000
261,3000000,25472824
10861,25000000,37200000
1770,28000000,6800000
9333,67000000,15600000
9625,45000000,46600000
6346,50000000,22540359
864,15000000,154856263
8367,48000000,390493908
433,6000000,44000000
15121,8200000,286214286
562,28000000,140767956
10163,10000000,150000000
9591,26000000,34585416
11412,65000000,89456761
10586,55000000,75000000
9716,20000000,16104765
454,14500000,147554998
819,44000000,112300000
583,4000000,36045115
475,2500000,70000000
521,1400000,6000000
88,6000000,213954274
402,49000000,235000000
601,10500000,792910554
2119,60000000,83200000
744,15000000,356830601
2756,70000000,90000098
26174,450000,2500000
409,27000000,231976425
10174,4500000,29012935
1891,18000000,538375067
85,18000000,384140454
679,18500000,45900000
947,15000000,70000000
1892,32500000,572705079
348,11000000,185000000
766,11000000,21502976
539,806947,50000000
525,27000000,115229890
387,14000000,73482661
218,6400000,78371200
207,16400000,235900000
37247,3000000,100000000
829,6000000,30000000
33,14400000,159157447
105,19000000,350600000
1633,11000000,119418501
8009,16000000,12885193
903,3200000,16217773
914,2000000,11000000
288,730000,18000000
665,15900000,196200000
89,48000000,474171806
783,22000000,127767889
830,1900000,3250000
8077,50000000,104300000
814,10000000,60565292
6114,40000000,215862692
1598,35000000,182300000
25189,42000000,73052428
199,45000000,150000000
9279,60000000,129832389
11674,75000000,320689294
1573,70000000,240031094
152,35000000,139000000
174,30000000,96888996
172,27800000,70210000
154,11200000,97000000
157,17000000,87000000
168,25000000,133000000
364,80000000,120000000
621,6000000,394955690
10173,12000000,11924540
8845,35000000,73000000
578,8000000,470653000
579,20000000,106000000
17692,20500000,87987055
75,70000000,101371017
9390,50000000,273552592
378,6000000,29180280
2322,35000000,105233000
4232,14000000,173046663
8818,55000000,141047179
12145,25000000,40381260
9619,116000000,178127760
9366,35000000,124909762
10003,68000000,169500000
1624,45000000,302710615
4477,86000000,81500000
9405,30000000,48138337
9360,45000000,136885767
77223,16000000,960000
10357,90000000,72600000
816,17000000,67683989
12499,85000000,7000000
18,93000000,263920180
330,73000000,382000000
1701,75000000,114000000
1639,160000000,102400000
415,125000000,130000000
11970,85000000,252712101
8874,46000000,148200000
754,80000000,128000000
607,90000000,326600000
686,90000000,171120329
4421,50000000,49000000
9387,20000000,68851475
10603,55000000,69000000
2142,10000000,18800000
8413,60000000,20400000
10336,40000000,15000000
9413,10000000,2900000
8834,75000000,57000000
9772,85000000,130000000
1669,30000000,200512643
10806,35000000,19400000
6623,50000000,60600000
2118,35000000,46000000
978,70000000,93500000
9437,27000000,24500000
2649,50000000,61100000
14289,60000000,4000000
9427,3500000,198100000
3597,17000000,20300000
1813,57000000,92000000
782,36000000,3600000
8067,12000000,4700000
1281,22000000,182700000
12616,24000000,5600000
4995,15000000,9400000
563,105000000,65000000
9823,30000000,51376861
37165,60000000,113400000
9407,48000000,612335
4824,60000000,84000000
9444,50000000,64900000
8078,75000000,105300000
11831,36000000,16200000
9574,80000000,85000000
489,10000000,76200000
9714,32000000,17700000
6283,38000000,50000000
4233,24000000,59200000
597,200000000,2186772302
714,110000000,333011068
547,60000000,68300000
184,12000000,33000000
9438,30000000,7500000
115,15000000,10300000
9410,25000000,55494066
586,15000000,64217092
2666,27000000,27200316
11258,70000000,2600000
6116,25000000,26700000
11702,30000000,12200000
11568,28000000,26000000
11003,18000000,43061262
10153,80000000,13100000
2898,50000000,132700000
11808,60000000,31000000
9313,35000000,16700000
9440,65000000,52055057
2157,80000000,136159423
8838,60000000,49300000
795,55000000,101700000
9449,29000000,24000000
8656,75000000,180500000
18937,40000000,15400000
929,130000000,221600000
9715,30000000,6800000
1965,60000000,32000000
6068,70000000,90500000
10674,90000000,116300000
846,66000000,99700000
3050,71500000,117000000
1389,48000000,9100000
95,140000000,553709788
944,140000000,138400000
11551,40000000,16600000
544,23000000,140500000
65203,379000,1558000
33680,700000,1359000
56164,1180280,8000000
12311,1950000,11351454
27367,1344000,21173600
887,2100000,44309982
5769,1000000,50000000
17917,10000000,40000000
3116,3600000,8000000
1366,960000,225000000
606,31000000,266185197
380,25000000,354825435
403,7500000,145793296
466,2500000,12512637
13820,1500000,3750080
2108,1000000,51525171
4488,550000,59754601
948,300000,60000000
11281,2500000,25533818
10585,9000000,44196684
11186,13000000,7262000
11187,13000000,5600000
609,10700000,123606280
9552,12000000,357500000
941,15000000,120207127
942,28000000,227853986
943,35000000,319700000
9342,65000000,101300000
165,40000000,213500000
196,40000000,243700000
242,54000000,136766062
9835,10000000,30182538
857,70000000,481840909
11158,40000000,76000000
9354,18000000,222724172
9631,50000000,4400000
9325,4000000,205800000
10144,40000000,211343479
12230,4000000,215880014
11335,20000000,60000000
11135,30000000,47431461
41841,32000000,11000000
87,28000000,333107271
2907,30000000,191502426
9454,26000000,98005666
8688,73000000,48306020
23954,7200000,12729678
396,7500000,40000000
11814,7500000,38934048
8393,5000000,60000000
9320,60000000,25200000
34584,27000000,100000000
36647,45000000,42600000
573,2000000,16000000
117,25000000,106240936
37498,35000000,44000000
12626,20000000,67331309
3525,28000000,103173635
10699,42000000,66807345
881,40000000,243240178
4478,38000000,160000000
2109,33000000,244386864
8195,55000000,70697479
9877,14000000,72527595
10403,8000000,28876701
162,20000000,86024005
8916,105000000,61700000
12159,85000000,71485043
10377,11000000,64088552
11932,25000000,50671850
6435,48000000,68169816
2657,40000000,49789066
637,20000000,229163264
73,7500000,23875127
9882,70000000,116672912
10663,20000000,28700000
4518,30000000,34000000
3600,24000000,84002112
297,90000000,142940100
9798,90000000,250649836
14444,24000000,140894675
9487,120000000,363398565
10162,3000000,43515982
692,10000,1250000
1678,175000,4662520
39256,2000000,14852242
10730,24000000,90614445
9749,8000000,59612888
14628,8000000,39450960
10466,10000000,54999651
707,30000000,152627960
9447,80000000,50812000
11252,60000000,37141130
9745,85000000,68760009
200,58000000,119000000
9837,70000000,117200000
1934,25000000,289317794
1369,44000000,300400432
1368,15000000,125212904
1370,63000000,135300000
10303,25000000,96773200
9326,10000000,115078260
10328,17500000,85313124
11285,17500000,25024919
1367,7000000,200182160
1371,17000000,270000000
1374,30000000,300400000
1375,42000000,79000000
9489,65000000,250821495
8741,52000000,98126565
10312,90000000,202292902
9441,50000000,159710793
14709,16000000,82891003
9423,75000000,30626690
10658,35000000,37962774
9426,15000000,20172594
9671,8800000,360000000
9396,14000000,239700000
10015,15000000,79000000
10314,10000000,103166989
2112,90000000,161626121
11622,35000000,40246517
10207,80000000,51100000
1542,10000000,12800000
8224,40000000,96618699
5919,14000000,139700000
9535,80000000,35000000
796,10500000,75902208
30943,38000000,27655433
7341,21000000,2400000
11773,200000,2175000
22345,12000000,36341959
1641,75000000,33800000
11374,80000000,8300000
603,63000000,203600000
11355,25000000,84565230
6522,80000000,73521587
1844,66000000,212404396
8592,47000000,162738726
564,80000000,415933406
1893,115000000,506618295
15660,5000000,25032261
1924,55000000,300218018
509,42000000,247000000
817,33000000,70200000
37135,130000000,448191819
2275,95000000,149705852
9032,34200000,2000000
9473,21000000,6000000
8487,170000000,108300000
2105,11000000,235483004
1073,31000000,41067311
10208,24000000,22323612
2667,60000,108100000
345,65000000,160637680
9825,35000000,25100000
620,30000000,291632124
2978,37000000,215394738
11618,80000000,85900000
332,90000000,6100000
8914,60000000,91000000
4806,70000000,9700000
967,12000000,60000000
3175,11000000,31500000
873,15000000,146292009
10386,70000000,80000000
745,40000000,672806292
913,48000000,55000000
11353,55000000,98625775
813,3500000,130000000
2280,18000000,151668774
11077,10000000,72270900
10396,23000000,105932000
9944,45000000,195268056
10154,75000000,54264342
10366,45000000,19912120
9349,23000000,65700000
1911,160000000,29000000
10307,29000000,89446268
14,15000000,356296601
11001,65000000,117758500
10974,15000000,4545431
10398,70000000,177841558
14429,8500000,4748072
6415,75000000,107752036
12618,64000000,74160911
861,65000000,261299840
535,4000000,205900000
658,3000000,73800000
657,2000000,78900000
646,1100000,43500000
772,18000000,358991681
550,63000000,71000000
16162,9000000,34573780
856,70000000,195000000
699,28000000,195300000
709,32000000,121500000
253,7000000,91000000
660,9000000,141200000
2020,51000000,36822378
9481,73000000,151493655
9008,68000000,60289912
24831,600000,16000000
25560,4000000,12000000
21610,5000000,19900000
62204,12500000,55260558
10047,85000000,52700000
10228,30000000,163644662
9289,10000000,50000000
77915,5300000,14000000
2668,100000000,105000000
36643,135000000,361832400
10998,14000000,320145693
9013,30000000,81613606
2924,75000000,152368585
9946,100000000,211989043
863,90000000,485015179
55123,312000,1788168
31681,4150000,3230000
10402,17000000,92938755
497,60000000,286801374
1715,24000000,88545092
1439,92000000,113996937
2277,100000000,93700000
10137,133000000,300135367
49948,80000000,90874570
334,37000000,48451803
624,400000,60000000
9563,55000000,100230832
926,45000000,90683916
1213,40000000,128798265
10471,11000000,59827328
10400,50000000,73956241
3558,40000000,48350205
71067,400000,927953
632,1661530,10000000
2990,18000000,44926706
75531,44000000,40831
2005,31000000,92000000
9475,31000000,134895607
8872,20000000,61400000
11287,40000000,132440069
9869,45000000,178000000
619,25000000,289000000
9374,55000000,90600000
11259,60000000,137783840
9367,7000,2041928
9876,45000000,42200000
12143,1000000,2527895
4234,40000000,72691101
1907,50000000,144056873
15489,13000000,62464731
15655,30000000,96159800
10385,60000000,51880044
2787,23000000,53187659
2069,41300000,106371651
11004,55000000,8312406
25166,6000000,747934
1831,25000000,24362772
2067,100000000,45125385
622,38000000,58401898
838,777000,140000000
16958,1232000,2137000
8333,5000000,18700000
820,40000000,205405498
462,52000000,256271286
9532,23000000,112880294
14373,2000000,45000000
24873,9000000,16945171
1498,13500000,201965915
33762,8700000,5387430
1879,4000000,70000000
2085,25000000,91036760
840,20000000,303788635
10501,95000000,76529181
879,70000000,300854823
10747,3700000,38000000
10559,31000000,23095967
10479,60000000,71732303
106,15000000,98235548
11027,12000000,44376625
10468,43000000,62198945
1359,7000000,19196279
4967,29000000,59945183
10242,980000,9000000
18041,24000000,12591270
3536,62000000,127666415
1443,6000000,5503148
889,83000000,59468275
98,103000000,457640427
5491,73000000,8253978
18228,2000000,10440453
10567,127500000,354248063
10642,20000000,2786080
9285,16000000,119754278
955,125000000,546388105
8584,55000000,99274467
30588,2000000,1500000
668,7000000,59200000
691,14000000,138600000
698,34000000,210308099
682,13000000,76600000
9600,30000000,173959438
2768,4800000,53000000
169,35000000,57120318
10128,16000000,32155047
9659,200000,100000000
1727,20000000,138699000
9679,90000000,129477395
5121,3000000,5300000
10571,35000000,4050963
479,46000000,107196498
7450,75000000,14001208
7443,45000000,224834564
2123,51000000,149270999
2024,110000000,215294342
2133,140000000,143138203
11598,650000,5000000
12764,2410000,4180000
4244,65000000,110317580
4247,19000000,278019771
20770,1200000,389589
1052,1800000,20000000
36657,75000000,296339527
2655,100000000,94002283
12599,30000000,133949270
12107,84000000,38322845
10641,65000000,90726668
6282,45000000,40774230
9383,95000000,191200000
5551,65000000,128884132
10393,50000000,50054511
8843,33000000,42821784
10643,13000000,24522891
23618,13000000,38251106
1588,11000000,90449929
10480,24000000,2133268
1619,8500000,7014079
786,60000000,47383689
12212,14000000,38574362
16,12800000,40031879
10637,30000000,136706683
20455,5000000,16643191
10461,63600000,4445811
1597,55000000,330444045
641,4500000,3754626
6521,20000000,22361811
10763,23000000,22844291
10383,50000000,31355910
2134,750000,2610000
71,5000000,87285000
1636,48000000,90383208
10647,40000000,55707411
12207,10000000,311546543
11531,15000000,47737094
4327,93000000,264105545
9678,85000000,58292295
11978,32000000,82343495
8870,80000000,15983079
681,7200000,72200000
8452,82000000,96085477
8871,123000000,345141403
16340,30000000,103291131
10481,85000000,116654745
10876,13500000,17989227
9741,75000000,249511339
146,17000000,213525736
11849,45000000,18586724
11983,65000000,62761005
11678,75000000,215663859
708,30000000,140000000
2604,14000000,161001698
11064,20000000,45833132
392,25000000,152699946
8859,13000000,73180723
11688,100000000,169327687
12509,6000000,10558970
3981,70000000,374111707
711,43000000,80049764
2046,10000000,32558964
8358,90000000,429632142
5994,60000000,124745083
1493,45000000,212742720
134,26000000,71868327
10577,54000000,47053625
21355,57000000,18133495
11973,80000000,66579890
1900,48000000,207515725
9989,30000000,6867516
9816,13000000,131706809
5955,35000000,29419291
2018,35000000,94728529
96,28000000,300000000
90,14000000,316360478
12506,29000000,25899797
10110,35000000,66700000
764,350000,29400000
580,23000000,51881013
10984,10000000,16300000
9740,87000000,351692268
16300,49000000,71186502
1921,40000000,65754228
23685,75000000,2210366
6073,57000000,147845033
2749,60000000,56359980
1888,3705000,6800000
9594,15000000,80500000
853,68000000,96976270
10877,50000000,79958599
77,9000000,39723096
10054,35000000,35215179
2575,18000000,14278720
2043,60000000,105178561
4133,53000000,83282296
10991,16000000,68411275
634,25000000,281929795
9290,21150000,39438674
111,25000000,65884703
12484,15000000,1416400
24113,90000000,10364769
1734,98000000,433013274
8095,31115000,62000000
25221,40000000,23202444
9062,2200000,136400000
9476,65000000,117487473
808,60000000,484409218
824,50000000,179213434
676,140000000,449220945
43329,1240000,6000000
1406,27000000,179033791
21876,5760000,13975000
11090,47000000,84772742
9397,80000000,98376292
9705,102000000,147080413
1089,24000000,97000000
10297,1870000,8000000
31935,6250000,1590000
10865,120000000,101997253
1995,115000000,274703340
10808,70000000,176104344
9799,38000000,207283925
644,100000000,235927000
10992,60000000,200687492
2140,25000000,27592723
4248,45000000,69911681
16211,6500000,23000000
18030,410000,952000
9462,130000,1157316
2114,137000000,53000000
8835,18000000,141774679
11371,68000000,113579918
19382,20000000,51684798
7520,20000000,171504781
9602,39000000,288800000
10130,22000000,61149479
49365,4700000,7000000
12144,12500000,84460846
9493,15000000,104700000
11352,31000000,74134790
4105,30000000,134212055
9085,30000000,35000000
10345,17000000,78247647
9494,7500000,296999813
331,93000000,368780809
11467,46000000,138191428
1548,7000000,8761393
869,100000000,362211740
12150,19000000,110879513
2616,15000000,79258538
2057,42000000,18868099
9880,26000000,165335153
5175,90000000,347325802
2770,30000000,142405000
1933,17000000,209947037
13496,35000000,13601109
1722,57000000,36569000
9896,48000000,85498534
8922,10000000,21313614
12508,57000000,19334145
10696,22000000,5271666
2034,45000000,104876233
11576,9400000,60000000
12103,50000000,100020092
9398,28000000,60780981
10866,23000000,37000000
9778,28000000,77516304
40220,300000,35000000
3172,75000000,67631903
1018,15000000,12892096
768,35000000,38700761
2100,72000000,27642707
11091,48000000,5577772
167,68000000,65001485
9378,42000000,68467960
11457,27000000,5920746
11456,75000000,59249294
585,115000000,131600000
10796,49000000,28783380
9889,40000000,141069860
671,125000000,974755371
1535,115000000,143049560
1999,1700000,43368779
8738,12000000,56647800
8007,40000000,91753222
161,85000000,184000000
11397,15000000,28216048
1903,68000000,203388341
9428,21000000,71441250
12589,30000000,102992536
11232,48000000,76019048
120,93000000,871530324
11086,72000000,37317558
453,58000000,313542341
12593,850000,90000000
37257,3000000,9000000
8489,107000000,87713825
855,92000000,172989651
5279,19800000,87754044
10950,22000000,57506287
6440,35000000,24690441
11595,38000000,153518974
61934,1748000,2150000
848,18000000,14914786
9610,18000000,100042035
11888,35000000,115035090
10423,14000000,63512679
11362,35000000,75395048
2637,32000000,55157539
9884,85000000,25900000
11535,70000000,25852764
11212,50000000,27371505
17130,12000000,61141030
10592,70000000,13209403
8470,36000000,102244770
16690,20000000,23900000
9272,17000000,60417219
32499,1558000,3373000
10052,60000000,21500000
11979,35000000,45479110
2752,17000000,40500000
10590,75000000,114660784
2135,80000000,123729176
425,59000000,188600000
1576,33000000,102441078
5851,85000000,77741732
11006,4300000,300000000
36586,54000000,68500000
4547,48000000,196397415
14635,20000000,80693537
11560,42000000,63781100
1537,45000000,94935764
11812,43000000,68696770
35080,7000000,3646994
8346,5000000,368744044
12154,11000000,242780960
9334,60000000,165333180
11470,11000000,16951798
16643,40000000,16873000
557,139000000,399200000
2251,50000000,122000000
245,30000000,84600000
1894,115000000,649398328
42193,8000000,3200000
1957,38000000,51801187
320,46000000,46359317
9023,80000000,33300000
17734,4500000,3706652
4614,68000000,36700000
3132,70000000,35817134
9583,27000000,4240224
2501,60000000,214034224
9637,84000000,99000000
12100,115000000,34000000
11544,80000000,273144151
180,102000000,196800000
2022,50000000,171269535
21972,30000000,62432423
608,140000000,235200000
6278,60000000,39088201
4147,80000000,181001478
19731,602000,15000000
11442,15000000,7310413
8869,30000000,21700000
8665,100000000,30547160
10996,120000000,99800000
818,63000000,74800000
23728,3525000,28231000
2675,72000000,162000000
9488,38000000,119723358
7451,70000000,277448382
11692,100000000,2683893
9266,30000000,11209000
9357,12000000,19500000
12771,29000000,20146150
9595,26000000,181096164
9941,14000000,91411255
39833,1000000,9000000
15516,90000,10000000
10611,12000000,77063924
4108,21000000,43928932
9685,9000000,2087664
12262,230000,25000000
9034,10000000,38068353
11013,4000000,5244929
129,19000000,274925095
11529,38000000,180622424
10771,60000000,53843625
9533,78000000,209196298
15720,6500000,2006391
12590,40000000,2622015
1809,4000000,11805917
10994,16000000,21229200
1430,4000000,35564473
8051,25000000,6821433
15992,25000000,1574536
565,48000000,100600000
21925,3000000,155640
19403,10000000,86000
11009,3000000,142900000
10805,22000000,127092670
9645,35000000,68349884
9012,5000000,75000000
13440,60000000,7093284
1360,12000000,56298474
12208,12000000,41744718
1941,4000000,21750000
9021,65000000,172855065
65,41000000,242875078
672,100000000,878979634
36669,142000000,431971116
9016,140000000,53700000
16028,17000000,16130385
9932,60000000,54994757
7299,20000000,4155851
17360,10000000,27453418
7303,55000000,24600000
201,60000000,67312826
2755,30000000,22700000
121,94000000,926047111
3131,100000000,103500000
2642,60000000,88000000
14317,25000000,60694737
640,52000000,135400000
1574,45000000,136089214
590,25000000,108846072
423,35000000,120072577
12090,18000000,101564935
10628,60000000,21898898
598,3300000,18062482
34148,2000000,25000000
10727,11000000,14937140
9358,26000000,42729562
1647,46000000,101191884
9027,11000000,20737147
10724,18000000,70687344
9919,50000000,177371441
6038,50000000,88323487
9480,78000000,179179718
14873,20000000,135680000
59401,1640000,1080000
11615,50000000,16971092
11635,24000000,87055349
10623,30000000,56489558
9613,8000000,3821651
10678,33000000,31955288
9567,70000000,86468162
10632,55000000,10782486
10929,22000000,8546666
36362,5037000,25000000
9669,6000000,18686644
9557,20000000,5872571
6171,68000000,40904356
29912,5000000,32000000
10782,50000000,15999250
9341,60000000,41559648
10735,20000000,14622111
8409,36000000,44350926
1817,13000000,97837138
9506,75000000,58689545
14290,250000,3809226
2662,7000000,16829545
11817,52000000,13960630
8326,20000000,71406573
994,3251794,11148828
9930,40000000,93151591
16651,7000000,4760014
10743,15000000,10404230
2832,30000000,38100000
18736,17000000,11273034
36658,110000000,407711549
10708,60000000,52200000
42792,3000000,40000000
604,150000000,742128461
10720,35000000,14000000
310,81000000,484592874
5146,40000000,3905032
12,94000000,921616174
9654,60000000,54548734
9902,12600000,8922208
584,76000000,107376377
21717,4800000,16500000
32489,6000000,40000000
10152,19000000,12512587
20694,25000000,13203787
170,8000000,82719885
9471,120000000,259175788
19957,2600000,8100000
43039,151000,8000000
33454,3500000,6746000
1927,137000000,109405772
10327,45000000,30200000
14411,60000000,40649582
296,200000000,277271324
22,140000000,654264015
8698,78000000,175465204
17920,8000000,5403151
8961,130000000,129300000
9486,35000000,129300000
3472,10000000,4550000
1996,95000000,156505388
4464,87000000,148336445
12279,38000000,197011982
12530,2750000,4500000
8273,55000000,122668512
10330,26000000,160846332
9257,80000000,207725639
6466,30000000,18000000
2055,22000000,68296293
11770,10000000,42776760
10923,26000000,10695398
3055,5000000,50000000
9362,11000000,48572000
10999,10000000,57491000
33521,12164000,31235812
10610,41000000,34268701
2830,14000000,18191005
11351,17000000,27435448
11547,1500000,9395206
7270,62000000,65565672
1428,29000000,41825802
153,4000000,119723856
8408,3500000,34000000
43041,1357000,2750000
277,22000000,95708457
7288,40000000,19322135
10159,85000000,80916492
10934,18000000,58878723
821,3000000,10000000
10438,15000000,118154166
9874,25000000,160000000
7442,19000000,73400000
1584,35000000,131282949
4997,5000000,1405932
322,25000000,8420673
11775,60000000,119940815
24,30000000,180949045
11329,60000000,67338219
9373,9200000,107071655
1550,300000,3272028
10629,17000000,9439660
10944,12000000,18976191
4256,48000000,220673217
10009,128000000,250397798
1807,3000000,10020543
10922,30000000,24863804
13537,6000000,2944752
605,150000000,275125460
10719,33000000,220443451
508,40000000,244931766
10715,80000000,68514844
8619,150000000,212011111
10588,109000000,133960541
4970,40000000,141591324
10147,23000000,77147031
10756,90000000,182290266
9562,80000000,43935763
9556,16000000,48878520
31510,3900000,5027000
951,26000000,216000000
1643,1250000,96301534
10413,15000000,30000000
11092,22000000,135000000
9261,1000000,30000000
10021,12000000,110996879
11676,25000000,21000000
618,100000,11000000
3089,3000000,9012000
79,31000000,177394432
70881,1152000,1439000
10023,20000000,66673516
11519,35000000,92455742
616,140000000,456758981
587,70000000,122919055
6964,80000000,266728738
1792,55000000,65784503
122,94000000,1119929521
11820,65000000,141337989
8696,10000000,96542059
504,4500000,64240813
11007,40000000,51597569
2289,79000000,173013509
9620,60000000,96269812
10601,100000000,73512403
5966,42000000,171963386
10718,40000000,25331138
16933,400000,4000000
1954,13000000,96060858
13476,24000000,20866170
21301,18000000,65971313
14292,28000000,64445708
1824,75000000,75577026
8842,39000000,6614280
11132,15000000,33051296
615,30000000,611899420
10677,25000000,27685016
2023,100000000,40800000
9384,60000000,75000000
1586,40000000,92913171
924,26000000,43335424
38,20000000,73169222
11081,45000000,65470529
16941,5000000,4856298
5516,35000000,76747441
11024,80000000,181466833
1487,66000000,99318987
13700,110000000,103951461
10733,107000000,25819961
14442,35000000,27388767
6844,13282712,120336000
923,650000,55000000
41857,4450000,12000000
10338,5600000,29950000
2098,1000000,9442967
393,30000000,152159461
10096,37000000,96455697
9509,70000000,130293714
11141,28000000,12144910
10625,17000000,34600000
7131,160000000,300257475
652,175000000,497409852
10375,55000000,6416302
9461,850000,90000000
667,9500000,111600000
700,27500000,119600000
36670,36000000,104600000
13937,12000000,37170057
25508,134000,4000000
10604,783000,23500000
25009,3103000,8268000
82838,779000,765000
11577,4638783,5367980
23330,3716946,5000000
5927,3200000,2800000
14703,3000000,12000000
10775,6428966,8708932
18283,2352625,3275000
5916,3352254,58831997
14554,1271000,3788000
31526,1114000,1843000
31623,1631000,13666420
13763,7200000,80000000
809,150000000,919838758
435,125000000,544272402
13193,5000000,10156933
673,130000000,796688549
16617,27000000,23658061
2789,105000000,115772733
8920,35000000,99800000
9890,90000000,102001626
8193,400000,1576504
27017,802000,4371000
52959,14000000,10000000
20849,2592000,3027000
26516,1168000,8144000
43805,2677762,3150000
8341,3000000,23560500
19414,1775000,7050000
17820,2295429,7621000
26175,3842000,24729920
42812,376000,486000
10204,110000000,72178895
9472,20000000,167722310
594,60000000,218686156
12153,37000000,42254715
11036,29000000,115603229
54028,1324000,2783000
1777,6000000,222446320
558,200000000,375400000
9477,120000000,203567857
8699,26000000,90574188
9893,10000000,10148953
11247,20000000,70164105
2048,120000000,144801023
11897,15000000,50000000
2502,75000000,288500217
314,100000000,82102379
18923,6500000,1548955
42525,11000000,1280000
42737,6290000,4045000
14462,80000000,96105964
6947,60000000,142500000
401,2500000,9043000
44289,11500000,15840000
1538,65000000,36800000
11130,40000000,134734481
395,60000000,171183863
10762,19000000,71274967
11026,50000000,78000586
11237,25000000,70992898
8080,27000000,11376220
14797,10000000,6106178
11632,23000000,19247496
9759,25000000,56422687
1577,45000000,78193382
11823,31000000,41512007
10145,42000000,117592831
10555,75000000,367275019
11128,55000000,102332848
11045,25000000,68895435
4380,50000000,170128460
3989,30000000,17447224
15566,45000000,14793624
1970,10000000,187281115
8849,60000000,35150546
9675,12000000,109706931
4553,5000000,8203235
176,1200000,103911669
1677,40000000,74737765
10740,20000000,23925492
9806,92000000,631442092
5255,165000000,307514317
11249,12000000,7658245
10589,58000000,61347797
9801,40000000,262520724
866,25000000,116766556
2059,100000000,174443000
140,5000000,40273930
11836,30000000,140161792
1966,155000000,167298192
13673,60000000,96572480
2288,27000000,115505027
163,110000000,107300000
36648,65000000,128905366
70368,17311,137365
96713,212000,438000
3060,245000,22000000
43874,1486000,1688000
55604,1614000,12147700
33112,1166000,2264300
22387,1210000,17760460
26701,2164000,3399000
29244,1243000,2841000
29380,2503654,6803000
35032,3700000,2956000
41609,4474000,8412000
25209,3768785,8010000
43388,2258000,9955000
43961,1111000,2589000
28431,1708000,5628967
44134,659000,950000
69977,1500000,2600000
50474,6500000,4100000
10299,2235000,4950000
23574,20000000,19816200
3482,6700000,6000000
4191,747000,1750000
5767,4000000,12000000
24402,500000,100000000
38985,12000000,9000000
1362,3000000,5000000000
42086,700000,2602206
27064,5000000,518842
16296,2000000,43625095
22792,300000,950000
12088,8000000,40000000
11056,10600000,34405297
4689,4000000,1954937
10077,80000000,5989640
11774,140000000,209073645
2841,47000000,70115868
670,3000000,14980005
9667,29000000,20046858
179,80000000,162944923
83,120000,54667954
11866,45000000,34586268
10320,50000000,68539928
11658,12800000,69827583
3509,8700000,7659918
70,30000000,216763646
205,17500000,33882243
118,150000000,67200000
421,50000000,10788000
2567,110000000,213741459
9833,70000000,154648887
6478,23000000,8010814
693,80000000,516642939
11162,18000000,32000000
15045,26000000,48551322
11804,10000000,91196419
18627,900000,1625778
9947,43000000,56558953
6439,30000000,90754475
7214,30000000,76669806
19610,6000000,72000000
11637,32000000,97918663
11096,30000000,122650962
8968,20000000,67192859
6961,15000000,47175038
4935,24000000,235184110
8488,70000000,368100420
13682,20000000,55686944
561,100000000,230884728
10214,84000000,57552641
3040,4200000,31933365
13498,40000000,21577624
9470,20000000,72100000
16186,5500000,50652203
10022,56000000,73000000
4551,53000000,95226116
2026,52000000,77944725
9928,75000000,122400000
6593,9500000,16816849
36815,10000000,8166000
18770,2900000,6200000
40916,1140850,3771000
10040,45000000,101393569
11638,35000000,103075949
187,40000000,158753820
7364,130000000,34500000
37214,1337000,3337000
9674,6000000,14847121
30204,3350000,8750000
7453,50000000,104478416
10065,19000000,108047131
32850,1290000,1129000
11679,60000000,71022693
1495,130000000,152000000
10066,30000000,17000000
1640,6500000,98410061
43881,1300000,13122717
10027,45000000,26013571
1895,113000000,848754768
4379,60000000,16300000
43506,958000,3117000
953,75000000,238000000
9291,82000000,190320568
921,88000000,108539911
9779,25000000,42013878
787,120000000,197755824
14199,50000000,71992655
18289,5000000,7538198
11620,7623000,45860660
272,150000000,374218673
15767,19500000,9167302
11451,50000000,31500000
11683,15000000,46770602
9722,85000000,131426169
28000,1920000,3360000
12574,14000000,40689691
74,132000000,591745540
1667,8000000,127392693
9009,30000000,24010000
9738,100000000,330120875
9522,40000000,285176741
11309,1500000,5100000
1635,126000000,162949164
13341,30000000,34252847
1696,7000000,19390029
11459,35000000,86369815
10048,135000000,10500000
16320,40000000,38849097
308,10000000,31981030
6519,50000000,111069515
1444,1000000,3399228
9913,43000000,45081407
8292,45000000,92374674
13922,80000000,10769311
6957,26000000,177378645
11460,26000000,95577774
4442,88000000,105316267
9042,30000000,33296457
9335,32000000,88978202
9007,58000000,50758439
1830,50000000,72617068
10092,1000000,15585495
8814,60000000,15800000
9923,50000000,20405441
1947,30000000,9409378
8643,20000000,144216468
9315,55000000,223387299
3933,40000000,117195061
18651,1196000,1825000
533,30000000,115600000
5236,15000000,15569469
142,14000000,178062759
9621,57000000,13500000
1656,75000000,74000000
6963,22000000,19039770
215,4000000,147748505
1951,14200000,469101
25,72000000,96889998
9982,150000000,314432837
11661,22000000,16589013
38761,900000,3711923
10060,40000000,42000000
231,50000000,93974620
8999,22000000,57479076
4348,28000000,121147947
9885,1000000,27762648
674,150000000,896911078
69,28000000,186438883
1833,40000000,31670620
6795,65000000,64321501
24618,14000000,3251789
13499,45000000,72028752
116,15000000,87989926
43176,3240816,5344000
253250,1482000,2547000
411,180000000,745013115
254,207000000,550517357
1904,85000000,157749686
9043,17000000,92283851
9515,10000000,17297244
612,70000000,130358911
546,1000000,15151744
2800,70000000,88933562
9641,60000000,129181830
7552,100000000,202026112
11400,30000000,30536013
168705,25000000,1216111
1690,4800000,80206916
10982,17500000,110013167
834,50000000,111340801
9912,25000000,18297690
13275,26000000,17496992
11565,40000000,138259062
11283,25000000,122489822
9286,25000000,117719158
1651,1600000,1300000
12096,65000000,158851357
9975,50000000,71052604
9754,50000000,82751189
10053,15000000,66966987
9036,40000000,120455994
10073,20000000,84795656
16781,6000000,63308879
9920,30000000,31070211
6877,50000000,128406887
950,80000000,660940780
7483,1234567,205382
20442,1261000,3850000
752,54000000,132511035
9655,20000000,57194667
9388,6500000,39323027
9950,13000000,2636637
388,45000000,184376254
9792,15000000,70355813
10067,50000000,87134280
582,2000000,77356819
12763,30000000,65742529
3093,70000000,32658142
4257,45000000,178262620
39045,8000000,3418605
5820,60000000,78084827
9904,80000000,102338515
588,50000000,97607453
9310,17000000,14560987
35545,558000,1296000
956,150000000,395668139
9530,65000000,87528173
9829,15000000,77635035
10008,14000000,18986905
7518,80000000,336002996
503,160000000,181674817
591,125000000,758239851
36668,210000000,459359555
9767,52000000,76530159
13689,10000000,222340
920,120000000,461981126
12766,3000000,11000000
806,25000000,64891526
9353,32000000,99255460
2044,40000000,114830111
9339,70000000,237681299
350,35000000,326551094
58,225000000,1066179725
1819,54000000,130431368
9697,70000000,72785169
4474,30000000,38365852
1887,40000000,60862471
1841,1026000,2657000
13508,1000000,1222746
151590,572638,700000
9615,85000000,158468292
9513,60000000,140225000
25509,1984000,2510000
1452,209000000,391081192
773,8000000,100523181
1164,25000000,135330182
9072,64000000,42950069
9297,75000000,140175006
326,33000000,62022014
512,4000000,39215642
9718,72500000,162966177
1593,110000000,574480841
1852,63000000,162970240
43610,2160000,8096000
82,135000000,163777560
1402,55000000,307077295
9293,18000000,68824526
9906,50000000,55181129
148,5000000,5612659
9907,51000000,118583844
9762,12000000,114194847
11559,19300000,197659
9788,23000000,38505009
1491,16000000,87892388
34233,3500000,5000000
9988,17500000,20387597
9954,20000000,32347239
13075,2000000,622806
10846,35000000,24000000
76117,2000000,8000000
1579,40000000,120654337
65488,5000000,9080000
9664,60000000,17834865
15624,450000,529643
496,18000000,261572744
24751,6000000,12000000
4643,70000000,94973540
7484,85000000,197309027
27275,5000000,26200000
1422,90000000,289847354
10781,16000000,51764406
1975,20000000,70711175
15005,20000000,13538582
1440,26000000,14850326
1523,6000000,48363516
1378,2000000,3108568
9693,76000000,68327768
1124,40000000,109676311
3683,90000000,32297873
214,10000000,164874275
21173,2000000,657256
11619,149000000,178120010
13767,12000000,110768122
4928,1659000,1085000
10093,15000000,11987890
36557,150000000,599045960
9836,100000000,384335608
7551,75000000,180557550
10741,14000000,20597806
1581,85000000,205135324
7873,2000000,5967038
2447,30000000,46432264
1372,100000000,171407179
2486,100000000,249488115
1246,24000000,128926766
18615,16800000,2281089
14202,19400000,26522838
1247,90000000,99480480
1125,70000000,154937680
1646,21000000,43090741
1259,15000000,26196359
1494,45000000,78568977
182,32000000,5914908
1251,19000000,54917146
5393,47000000,38085778
1931,14000000,75511123
9992,86000000,113325743
14449,15000000,22205648
33375,2000000,5575367
8398,10000000,25393046
1265,17000000,137587063
27432,100000,456459
7516,17000000,53960137
9760,20000000,86865564
1248,50000000,82169884
9757,60000000,159313561
1252,18000000,2517423
2062,150000000,623722818
1250,110000000,228738393
11172,40000000,145896422
3594,32000000,77566815
10090,10000000,22021262
7874,15000000,10903846
12271,7000000,919923
1738,70000000,55286454
1949,65000000,84785914
7006,10000000,6213335
1271,65000000,456068181
18019,2070000,3920000
2977,16500000,37311672
9963,20000000,73346503
14001,20000000,22217407
2355,20000000,21418543
7485,61000000,95696996
9793,15000000,37466538
1273,34000000,95608995
8270,16000000,4646830
9955,61000000,145708642
1683,40000000,62771059
1267,150000000,169333034
13249,18000000,1215288
175027,329000,493000
7183,60795000,73090611
8271,20000000,117760134
10294,19000000,35300645
1268,25000000,183956926
559,258000000,890871626
4964,30000000,219076518
2976,75000000,202548575
1562,15000000,64238440
810,160000000,798958162
285,300000000,963420425
15568,9000000,3036736
298,85000000,194157900
12561,10000000,21263023
36679,12000000,10764102
1691,10000000,35633963
9408,100000000,149044513
1979,130000000,289047763
14043,20000000,30666930
9952,10000000,7177143
2359,9000000,33105392
1988,16000000,16686371
3021,25000000,131998242
19606,19000000,50000000
1571,110000000,383531464
2959,35000000,26824897
2698,175000000,173418781
1858,150000000,709709780
675,150000000,939885929
3563,85000000,186072214
27683,4000000,13000000
4688,45000000,29367143
2270,70000000,135560026
35,75000000,343610123
5857,12000000,9620399
3638,28000000,92601050
2503,110000000,442824138
8363,20000000,169871719
23861,3700000,3685000
13074,13000000,3242427
5174,140000000,258022233
9703,35000000,25303038
10760,16500000,13620075
4349,70000000,86658558
2082,15000000,80253908
4351,21000000,8329799
5176,55000000,71171825
4141,39000000,24096824
4347,30000000,129266061
4413,70000000,69766619
7737,45000000,147717833
13680,22000000,147880543
9038,60000000,127766650
7211,25000000,67938171
4538,17500000,35076923
2001,21000000,54926886
4517,55000000,74870866
4566,25000000,92991835
6615,12000000,11293523
4513,32000000,80276156
8954,11000000,1783000
14753,20000000,7551009
663,10000000,139352633
7347,4000000,14067078
4982,100000000,266465037
5559,150000000,287594577
6977,25000000,171627166
5375,100000000,97838349
2310,150000000,196393745
2284,65000000,69474661
6639,45000000,31336389
4723,17000000,374743
20714,4000000,7537453
4523,85000000,340487652
1620,24000000,99965792
13483,8600000,32685679
2268,180000000,372234864
6479,150000000,585349010
6477,60000000,361336633
3902,20000000,11664116
7326,7500000,231411584
7350,45000000,175372502
7979,20000000,74180745
13250,20000000,7432482
13885,50000000,152523073
6637,130000000,457364600
7345,25000000,77208711
6538,75000000,109155885
440,40000000,128884494
19213,8300000,1556337
54318,40000000,104636188
6023,30000000,156835339
6557,30000000,160259319
10253,35000000,53587404
13195,20000000,6450887
7191,25000000,170764026
15017,10000000,1433049
8875,2600000,666892
43604,1017400,1875000
7555,50000000,113244290
7278,30000000,84646831
9030,12000000,56964642
11253,85000000,160388063
13490,35000000,43650785
8676,70000000,111231041
8247,85000000,222231186
13641,10000000,858728
7461,40000000,151161491
8204,90000000,162839667
8328,17500000,150816700
12184,35000000,78269970
7840,105000000,269784201
12222,85000000,297138014
12246,20000000,26527510
12177,62000000,40863344
13025,2000000,5364858
8944,25000000,3291679
8060,12000000,2843997
155,185000000,1004558444
8065,35000000,157927340
14044,16000000,35000000
10488,37000000,100074624
11152,8000000,22728043
9870,30000000,105173115
11918,35000000,73026302
7459,120000000,93945766
1729,55000000,127980002
8617,20000000,57197876
1726,140000000,585174222
10761,40000000,105962760
8681,25000000,226830568
9029,35000000,219375797
2454,225000000,419651413
217,185000000,786636033
10120,8000000,779273
10885,8000000,47879410
4564,65000000,415252786
10665,10000000,82391145
9502,130000000,631744560
46189,2644000,3650000
10661,90000000,199936011
18467,1500000,3072
8645,48000000,163403799
1724,150000000,263427551
10681,180000000,534767889
8909,75000000,341433252
8960,150000000,624386746
11665,80000000,230685453
13990,6000000,2899975
11631,52000000,602609487
88751,45000000,241995151
11260,60000000,50650079
11802,37000000,64762724
13183,130000000,185258983
12133,65000000,128107642
8836,30000000,68369434
1735,145000000,401128639
10185,15000000,3533227
10183,1000000,4028957
5038,15500000,104504817
10189,27000000,101624843
11671,13000000,14894347
7446,92000000,188072649
14878,4000000,279000
12180,8500000,68282844
13256,25000000,2131057
13310,4000000,7282007
10483,45000000,75677515
12620,25000000,70442940
10186,15000000,8767338
13515,35000000,77488607
13956,25000000,41412264
4944,37000000,163720069
13805,20000000,34816824
9381,70000000,72107734
13972,16500000,48744911
15206,3500000,3119957
13389,60000000,78460699
13027,80000000,178066569
13092,27000000,17286299
14326,30000000,84375061
12113,70000000,115097286
13600,55000000,17929684
13051,35000000,85416905
10358,24000000,42105111
10523,25100000,29434429
13596,40000000,41622502
12837,11000000,39947322
13150,30000000,43440721
13809,18000000,25739015
11887,11000000,252909177
10527,150000000,603900354
13506,22000000,78287970
3580,55000000,113020256
12405,15000000,377910544
10764,200000000,586090727
15373,28000000,91826289
11917,10800000,113864059
13523,19000000,15079259
14405,20000000,149281606
6972,130000000,211342221
13053,150000000,309979994
8966,37000000,392616625
13387,30000000,108979549
12193,80000000,163733697
10900,3500000,1115493
14438,500000,33473297
14248,25000000,30747504
13056,35000000,10100036
43962,2396000,3087000
10200,80000000,230831978
13223,33000000,269958228
8055,32000000,113019290
11321,55000000,168168201
4922,150000000,329809326
10201,70000000,228990976
2253,75000000,200276784
10202,80000000,212874442
13973,3000000,3982459
4148,35000000,79564960
13813,32000000,51155219
42366,113440,1275423
14306,60000000,244082376
12429,34000000,205312667
14756,11715578,22114423
13944,25000000,5787152
10199,60000000,90482317
10521,30000000,113971145
14435,15000000,100734718
12437,35000000,91353501
2309,60000000,57490374
13942,2000000,106596
14560,26000000,183293131
13788,16000000,78208812
94533,1436000,2105000
14836,60000000,124596398
10184,40000000,165033701
15189,35000000,117000198
7353,8000000,3393161
20829,75000000,71585235
15268,18000000,12764201
13207,19000000,91379051
15159,70000000,75871032
13613,18000000,301771
16538,40000000,91636986
16558,60000000,81079566
13811,50000000,183593586
15472,13000000,104395170
13090,8000000,16174377
15512,175000000,381509870
33811,749000,908000
14164,30000000,57497699
13804,85000000,363164265
83099,1520000,3158000
16996,20000000,136267476
16869,75000000,321455689
15092,20000000,34560577
18320,35000000,27409889
2080,150000000,373062864
13475,150000000,385680446
15384,80000000,121059225
13448,150000000,485930816
13532,3900000,960828
534,200000000,371353001
18360,150000000,413106170
18405,15000000,45482936
16871,30000000,91388487
14160,175000000,731342744
18785,35000000,467483912
81512,1683000,3832000
70806,42000,1000000
14536,8000000,24970613
14451,800000,1984662
18162,100000000,68777554
18487,100000000,150166126
18240,40000000,317375031
89484,1818688,5075000
12162,15000000,49230772
8373,200000000,836303693
19265,15000000,35097815
11322,100000000,214104620
8355,90000000,886686817
24927,750000,1553837
10024,30000000,95714875
19913,7500000,60722734
18480,42000000,138805831
767,250000000,934416487
20943,38000000,205298907
20856,45000000,57881056
17654,30000000,210819611
24803,40000000,129540499
17335,20000000,73830340
13836,65000000,106387141
18126,30000000,155525718
14869,175000000,302469017
24420,39000000,101344412
19170,730000,775000
19585,150000000,292817841
11928,5000000,2852915
18281,935000,777000
43384,1008000,3146000
29967,1955000,1574000
24150,15000000,39421467
25376,2000000,33965843
12244,30000000,48428063
11323,22000000,41771168
19912,40000000,186167139
18501,50000000,40828540
22794,100000000,243006126
114618,2596000,2815000
23827,15000,193355800
22798,15000000,16633035
19959,80000000,122444772
19908,23600000,102391540
28665,18000000,80227619
22787,35000000,12201122
19899,60000000,172450423
16523,100000000,100086793
22803,50000000,126690726
22947,25000000,166842739
13576,60000000,261183588
10315,40000000,46471023
53263,18000000,3542843
17979,200000000,325286646
14161,200000000,769679473
8088,18000000,30991660
18239,50000000,709827462
14172,14000000,1206134
73501,4200000,5357772
33273,5700000,19300483
20411,15000000,214059
7445,26000000,43318349
22881,29000000,309208309
22949,35000000,96753696
16866,70000000,105647102
7980,65000000,93621340
22954,60000000,124514011
10198,105000000,267045765
4597,27000000,22942221
24438,58000000,85280250
19995,237000000,2787965087
22897,85000000,219103655
10528,90000000,524028679
23398,75000000,443140005
19901,20000000,51416464
28178,16000000,45000000
20504,80000000,157107755
37222,4000000,14000000
25676,16800000,20434179
22894,26000000,67918658
12201,80000000,82812456
46623,5421000,4825000
32856,52000000,216485654
7978,150000000,139789765
11324,80000000,294804195
32657,95000000,226497209
23742,37000000,55909910
11439,45000000,73741549
30298,6300000,6500000
26428,70000000,38422082
29427,20000000,56445534
22971,25000000,114977104
23023,48000000,112462508
10664,5600000,18497446
17473,6000000,9656530
26022,12000000,42345360
12155,200000000,1024299904
22972,100000000,94882549
26389,52000000,52826594
23169,16000000,56506120
29426,4000000,386078
27573,40000000,136333522
31867,32000000,18409891
43138,2727000,5440000
36970,80000000,82651439
23048,36000000,65985447
38687,373000,658000
10191,165000000,494878759
18823,125000000,493214993
23483,30000000,96188903
35056,55000000,152263880
36419,4500000,3606395
33217,15000000,75700498
35690,20000000,92678948
32985,45000000,19439975
10138,200000000,623933331
38579,50000000,89895930
23437,35000000,113400000
37565,9000000,11198830
20662,200000000,321669741
46705,3500000,12355734
37821,75000000,98159963
26388,3000000,19152480
9543,200000000,335154643
37034,20000000,3484893
37786,100000000,288347692
34806,35000000,77477008
42744,364000,8000000
37056,30000000,82148538
73576,1700000,1431983
42767,1470000,4526000
34544,110000000,177238796
10193,200000000,1063171911
99627,1754000,2540000
39013,2000000,13831503
10192,165000000,752600867
42615,383000,520000
24021,68000000,698491347
10196,150000000,319731881
1789,1218000,3310000
34851,40000000,127233108
44711,2423000,4095000
20352,69000000,543113985
27205,160000000,825532764
38365,80000000,271430189
27022,150000000,151986000
37834,117000000,258804462
25914,1383000,3535000
38575,40000000,359126022
39781,3500000,34705850
27576,110000000,293503304
31011,47000000,2331721
35019,35000000,97799865
37950,44000000,48190704
27581,100000000,170432927
28426,322000,1040000
27578,80000000,274470394
23759,12000000,6814789
43593,24000000,83188165
102286,2525000,2210000
38358,1800000,67738090
27579,20000000,67876281
23631,10500000,44093316
41233,30000000,159291809
80806,1397000,3980000
30630,2732000,1411000
22681,1500000,4000000
40264,20000000,81424988
35791,60000000,296221663
37799,40000000,224920315
23168,37000000,154026136
37735,8000000,74952305
38167,60000000,195773538
33909,70000000,134748021
41216,80000000,140073390
39691,85000000,112483764
38842,22000000,24493605
39486,35000000,60251371
44040,10000000,62695489
38303,20000000,32005248
38408,38000000,105648706
173672,625000,4500000
44639,2000000,7871522
42188,15000000,9455232
30036,695000,2509000
25633,1758000,2380000
45649,500000,100370
16290,20000000,171000000
39514,58000000,186100000
53655,1000000,3000000
41436,3000000,177512032
44603,50000000,105197635
41439,20000000,136150434
41733,65000000,211780824
44115,18000000,60738797
38055,130000000,321885765
44214,13000000,329398046
27563,1528000,633000
44048,100000000,167805466
38357,40000000,60040976
43539,35000000,67448651
39210,7000000,13936909
44147,8000000,3453043
45269,15000000,414000000
38757,260000000,590721936
45317,25000000,129190869
48838,25000000,6872403
42684,10000000,78693371
61370,1000000,2500000
38117,17000000,43165571
43347,30000000,102820008
10140,155000000,418186950
37710,100000000,278346189
44264,38000000,252276927
20526,170000000,400062763
111470,1411000,2432000
111390,1175000,2146000
27585,5000000,5129058
39451,100000000,310650585
38745,112000000,237382724
102091,1166000,2855000
42297,55000000,89519773
51739,23000000,145570827
41515,80000000,201584141
46689,1500000,291307
40805,120000000,227817248
46528,45000000,11087569
23047,40000000,91627228
49849,163000000,174822325
90968,3185000,3025000
44564,70000000,69721966
112284,1119000,651000
51876,27000000,161849455
43947,2000000,572809
114083,1341000,3305000
62976,5000000,11831362
34192,730090,11497880
41630,25000000,147780440
50348,40000000,87145086
48171,37000000,97143987
45272,15000000,20529194
48138,30000000,130786397
48340,30000000,108943221
45772,36000000,40725000
91419,1816000,4628000
79180,615000,1170000
39513,40000000,101162106
44896,135000000,245375374
38050,50200000,127869379
27582,40000000,61980729
48988,36000000,83160734
49494,25000000,27122040
46529,60000000,149878437
44943,70000000,211819354
9706,2900000,7639128
50546,80000000,214945591
49730,42000000,90300442
38322,32000000,82686066
45612,32000000,123278618
23629,82000000,89792502
104430,1005000,938000
43418,9000000,3440939
49018,1500000,97009150
98399,1400000,3200000
90406,2846000,2042000
60307,21000000,72417394
50359,63000000,184924333
50456,30000000,63782078
49012,40000000,45735397
41446,40000000,97037610
46195,90000000,484635760
10195,150000000,449326618
76714,2290000,3450000
55787,38000000,117094902
51497,125000000,626137675
86225,457000,805000
46738,6800000,12597210
47310,1500000,415000
43959,18000000,47088990
49022,35000000,65090821
55721,32500000,287797912
38321,60000000,78309131
1865,250000000,1043871802
59436,17000000,151119219
8967,32000000,54303319
45243,80000000,581464305
49950,16000000,40492759
51533,18000000,104336887
49444,150000000,665692281
49538,160000000,352616690
55347,3200000,14311701
37686,50000000,259713319
44912,200000000,219851172
58224,55000000,170700000
52449,20000000,216197492
35688,20000000,60673972
38356,195000000,1123746996
59861,30000000,72008245
38319,49900000,24856478
22907,20000000,69055695
38317,80000000,169852759
51540,35000000,209638559
49013,200000000,559852396
108923,337000,551000
59860,20000000,39667665
12445,125000000,1341511219
64690,15000000,76175166
58882,6000000,11348205
1771,140000000,370569774
50646,50000000,142851197
51828,15000000,59389433
51162,30000000,45505036
54540,12000000,63500000
41513,110000000,563749323
50544,35000000,149542245
95956,669000,378000
61791,93000000,468969479
35257,12000000,2436389
49520,52000000,75828267
50014,25000000,211608112
81829,550000,1600000
67675,9000000,18663238
55779,40000000,157887643
56288,27000000,85564310
48289,20000000,45636368
62835,40000000,72295262
63311,13000000,30842353
37430,90000000,63356133
55720,10000000,1863419
39538,60000000,135458097
60308,50000000,110206216
80241,1768000,4460000
24428,220000000,1518594910
60243,500000,24000000
59440,25000000,23057115
10316,12500000,75993061
49021,70000000,65409046
40807,8000000,39187783
74643,15000000,133000000
64720,5000000,3099314
39254,110000000,276654000
68817,24000000,63543328
60935,38000000,27428670
52451,75000000,132274484
49530,40000000,173930596
72113,25000000,27603069
50839,3500000,19484997
72571,5000000,207039844
58233,45000000,164539660
59965,35000000,86648359
45610,30000000,1104633
61891,30000000,15395087
59108,75000000,152930623
88794,35000000,76906030
17578,135000000,371940071
74536,15000000,1335012
44826,150000000,115814000
37958,75000000,226904017
71880,79000000,150519217
70586,20000000,2128186
65057,20000000,177243185
64328,45000000,165184237
50619,110000000,712171856
57212,66000000,177584879
64685,40000000,55247881
172908,975000,746000
65759,135000000,150406466
51052,100000000,147419472
56601,12500000,3878993
76163,100000000,312573423
70160,78000000,686533290
49026,250000000,1084939099
49040,125000000,276144750
58574,125000000,534848418
57157,12000000,22939027
62838,56000000,142044638
56292,145000000,694713380
74465,50000000,120081841
65754,90000000,232617430
71469,30000000,64626786
55301,75000000,342695435
73873,8000000,7532259
63207,13000000,3012210
76487,750000,101758490
77866,25000000,96262212
78461,7300000,21000000
62837,37000000,95404397
71688,13000000,114956699
52520,70000000,160112671
75174,25000000,77278331
49527,42000000,46221189
70435,23000000,33372606
72431,58000000,50365498
76758,94000000,95000000
54054,40000000,36893721
80591,15000000,2042203
48492,13000000,51723285
76726,12000000,125173516
65086,17000000,127730736
59961,85000000,208076205
72570,30000000,196114570
72545,79000000,335260290
81870,35000000,89375320
71676,57000000,132563930
147886,2075000,2041000
70876,7500000,18000000
57214,12000000,100931865
73723,70000000,335441158
75674,12000000,79501193
59962,65000000,156491279
49529,250000000,284139100
64688,42000000,201585328
81796,20000000,32204030
57165,150000000,305270083
71552,50000000,233566407
22970,30000000,65902967
70436,26000000,22485095
62764,85000000,162700692
44833,209000000,302836260
74534,10000000,134388807
72207,30000000,53774508
67660,12000000,96070507
77877,25000000,92457138
72387,30000000,41564670
62213,150000000,234211160
76493,65000000,179379533
41154,225000000,624026776
58595,170000000,396397203
93856,1000000,38390020
72197,55000000,121637375
70981,130000000,404077084
111440,400000,7200000
83666,16000000,66263898
49014,20500000,6063556
80321,145000000,376596522
62177,185000000,538788207
76494,40000000,84384002
72331,69000000,106619139
96399,12000000,10818775
80585,75000000,59418613
72105,50000000,503015487
77930,7000000,167221571
1930,230000000,757930663
57800,95000000,875115339
84175,1800000,11539605
82525,45000000,82966152
103370,20000000,66899242
80035,68000000,68267862
73567,11000000,3665069
103332,8000000,9128263
64635,125000000,198467168
37724,200000000,1108561013
77953,95000000,104907746
82696,30000000,114281051
77174,60000000,100403051
82650,22000000,77112176
71864,25000000,52685425
82633,26000000,53676580
71668,5000000,8493728
77883,14000000,69899892
48034,25000000,48325382
84174,3000000,11947954
83686,6000000,13231461
114150,17000000,113042075
77948,20000000,10968746
59967,30000000,166521158
87428,70000000,58058367
71679,65000000,240159255
87825,60000000,48963137
68722,32000000,25694106
49049,35000000,35626525
4822,2692960,1827000
77016,7000000,48126384
103663,3800000,18309793
82675,45000000,376141306
82505,6900000,40494035
82096,947000,1120000
70667,16600000,22842887
101267,12000000,32151701
62214,39000000,67082067
82507,3000000,87727807
76492,85000000,346903784
68734,44500000,181357591
86838,15000000,19422261
57089,30000000,23352752
80280,6400000,10148447
82990,5000000,119566574
94348,35000000,34588412
83542,102000000,130482868
61012,20000000,44386847
87826,42000000,73239258
64689,15000000,37470591
113947,1000000,9138338
82690,165000000,411435929
82693,21000000,214422941
87502,31000000,161772375
87827,120000000,609016565
97430,15000000,19721245
86837,8900000,29844753
72976,65000000,275293450
50620,120000000,832660037
60747,65000000,50950296
81188,145000000,303712758
85446,33000000,165552290
26168,1500000,19200
83389,22000000,61037844
76349,18000000,79914300
49051,180000000,222600000
97630,40000000,132820716
82654,35000000,116980662
44560,25000000,100292829
56338,4770000,2872928
82687,40000000,41860614
75780,60000000,218340595
68718,100000000,425368238
89492,35000000,88058786
80278,45000000,180274123
82695,61000000,441809770
121826,11000000,59520298
88042,25000000,119772232
76617,20000000,47241945
82682,60000000,105200903
139038,2500000,60141683
76640,45000000,37183273
132232,20000000,146428180
119283,35000000,17616641
60304,50000000,224803475
58244,60000000,22186956
150202,9000000,5127434
109421,30000000,63372757
109431,35000000,173965010
109491,60000000,60052138
47964,92000000,303723695
107811,13000000,45582380
98205,3500000,313387
112949,28000000,97594140
160220,350000,43465
123678,1000000,722274
70051,3500000,31487933
122857,11500000,1402307
68179,40000000,74597643
132344,3000000,23380979
134411,15000000,57824674
81005,195000000,197687603
146203,5000000,15179302
72559,130000000,375740705
86825,12000000,9356992
68728,215000000,493311825
49519,135000000,585164020
101557,2203000,3996000
158011,13000000,68572378
117263,70000000,161025640
30631,257000,387000
72710,40000000,63327201
109428,17000000,97542952
75612,120000000,286168572
4258,20000000,78378744
134374,26000000,86175291
44865,38600000,64076736
109414,32000000,120775360
68721,200000000,1215439994
64682,105000000,351040419
54138,190000000,467365246
116741,58000000,93492844
83664,882000,763000
77987,4800000,9743738
109439,103000000,82204000
82992,160000000,788679850
116711,100000000,268426634
82700,130000000,243843127
75656,75000000,351723989
49521,225000000,668045518
158015,3000000,89328627
159014,1000000,5892661
62211,200000000,743559607
68726,190000000,406744226
72190,190000000,540007876
68724,115000000,232388000
93456,76000000,832968325
117251,150000000,205366737
107985,20000000,46089287
136795,43000000,229930771
57201,215000000,260502115
49524,130000000,78324220
138843,20000000,259855274
77950,135000000,282570682
76170,120000000,413562477
146216,84000000,148075565
136400,61000000,131940411
160588,18000000,99206215
76285,90000000,198510000
77931,105000000,347545360
138832,37000000,269994119
109418,80000000,225917503
59859,28000000,63297114
87421,38000000,93628894
151960,50000000,219788712
149870,30000000,136454220
123553,60000000,90565421
132363,30000000,176598908
122906,12000000,87100449
51166,450000,3000000
211954,5000000,99067206
164558,10000000,68532898
49047,100000000,716386615
146233,46000000,122126687
91586,5000000,161919318
96721,38000000,90247624
112205,30000000,78418811
109417,20000000,16549477
129670,12000000,17654912
138697,3000000,30450756
146238,30000000,62675095
109451,78000000,274325949
86004,7395080,16115728
109424,55000000,218791811
106747,20000000,15008161
107846,50000000,137328301
133805,30000000,84790678
109091,25000000,71009334
39468,8300000,11135340
39264,760000,1803446
39466,10300000,16143550
76203,20000000,178413838
152747,9000000,13627519
80274,110000000,125537191
208134,15000000,151831537
76338,170000000,644783140
152532,5000000,55198285
175574,55000000,110387072
12636,8500000,14122958
137093,28000000,134402450
205220,12000000,100112825
203833,19000000,57525262
146304,17000000,72835710
101299,130000000,864912963
57158,225000000,209000000
64686,175000000,151783839
146239,26000000,70541159
109445,150000000,1169244858
86829,11000000,32935319
106646,100000000,392000694
192136,35000000,27984870
152737,25000000,73745738
168672,40000000,251171807
116745,90000000,188133322
152601,23000000,47351251
193756,40000000,154802912
140823,35000000,100490208
49852,90000000,16178959
109443,50000000,172952707
110415,39200000,86758912
82679,14000000,11417362
64807,40000000,44907260
229296,5000000,10584761
227348,5000000,90904854
39516,600000,1000000
168530,25000000,153262184
137094,60000000,135511030
157350,85000000,274945239
92834,3000000,13954476
100241,65000000,68390918
152760,70000000,159231620
137106,60000000,468060692
97020,100000000,242688965
83665,1674000,4270000
144336,35000000,17508518
137321,60000000,30800231
81699,3637000,4875000
120467,25000000,174600318
187028,2100000,882543
157336,165000000,675120017
192102,28000000,52597999
225574,50000000,222809600
53182,110000000,331114051
82703,145000000,98007057
136797,66000000,203277636
235260,22000000,70949793
100402,170000000,714766572
86834,125000000,320014552
227783,42000000,122529966
142159,290000,596000
188207,70000000,61402445
145220,50000000,80383113
190955,25500000,2415472
193612,200000,17834867
102382,200000000,703664064
157547,5000000,35246293
249660,2000000,63838966
161297,433000,1110000
172385,103000000,500188435
157353,100000000,90022309
236751,12000000,101332962
193610,40000000,194384548
184345,4000000,25340200
76649,80000000,117831631
195589,18000000,268157400
49158,750000,3000000
205601,10900000,16538759
152599,16000000,5867686
240832,40000000,458863600
127585,200000000,748121534
124905,160000000,507916740
59981,70000000,17001027
212778,11000000,44099145
232672,40000000,126794610
198277,8000000,63464861
102651,180000000,758410378
188161,40000000,85989748
137113,178000000,364142247
262391,13000000,174100000
177677,150000000,682330139
91245,1201000,2362000
222935,12000000,271613643
187017,50000000,331333876
156022,55000000,191254738
82702,145000000,621537519
194662,18000000,103215094
85350,4000000,43237465
184098,24000000,70181428
91314,210000000,1091405097
218836,50000000,153765787
226486,20000000,100375432
244786,3300000,48982041
210577,61000000,338819589
119450,170000000,708835589
41517,24000000,35000000
184346,30000000,87937815
225886,40000000,126069509
238636,9000000,110602999
118340,170000000,774176600
138103,90000000,204200583
184315,100000000,244819862
157849,15000000,31554855
231576,6000000,5483299
243683,45000000,86165646
60287,2000000,11046332
228194,22000000,88880821
151310,1754000,3215000
76757,176000000,183887723
98566,125000000,477204754
193893,17000000,138224951
189,65000000,39407616
249164,11000000,78874843
282813,6500000,16861137
216282,50000000,159702194
244517,1000000,400194
154400,12600000,18658381
198663,34000000,334367824
170687,60000000,107668464
190859,58800000,547426372
250546,6500000,252427366
49017,70000000,217124280
245891,20000000,78739897
62655,3959000,2500000
205587,50000000,75590889
228150,68000000,211817906
239563,13000000,54837234
218778,28000000,100654149
242512,5000000,103590271
242582,8500000,38697217
177572,165000000,379608958
228326,50000000,99783556
264660,15000000,36869414
92401,700000,8000000
87492,24000000,15920642
95874,316000,925000
77951,80000000,130580730
75258,35000000,67537798
25475,30000000,8582265
17699,10000000,24600000
203793,30000000,68245261
205596,14000000,215528230
171274,20000000,11110975
131631,125000000,752100229
77412,496000,523000
20675,230000,202000
147441,140000000,267281936
265195,3300000,36353750
100042,35000000,169837010
17808,10000000,37579689
266856,15000000,123726688
119892,100000000,181900000
205775,100000000,93820758
135397,150000000,1670400637
227159,42000000,107645357
34651,1373000,2096000
109441,2495000,6140000
270946,132000000,373543611
256917,22500000,14747799
284293,5000000,43884652
116149,55000000,219108482
294254,61000000,312268954
122917,250000000,955119788
273895,20000000,66787908
227306,65000000,161459297
172391,20000000,27187375
228970,15000000,40037009
87093,10000000,21059366
224141,50000000,213116401
228967,44000000,12342632
207703,81000000,403788617
181533,127000000,360345402
51017,25000000,54161287
63727,1800000,3164300
68737,95000000,110623265
196867,65000000,134611262
276918,5000000,2743753
198184,49000000,104399548
260346,48000000,267078000
87101,155000000,440603537
208763,26000000,39539416
54518,13000000,99036827
181330,2500000,32318051
270303,2000000,10100000
242452,5000000,78547586
25550,596000,645000
44766,1538000,2795000
5201,322000,543000
76341,150000000,377636354
280092,10000000,112983889
140607,245000000,2026638964
68735,160000000,433537548
99861,250000000,1405035767
166426,230000000,789856696
102899,130000000,519445163
166424,120000000,167977596
293660,58000000,782612155
283995,200000000,817495020
271110,250000000,1153296293
284052,165000000,656981341
246655,178000000,281493524
116780,361000,555000
206581,267000,390000
176216,1768000,665000
45800,1144000,7089360
19183,750000,4000000
108812,1841000,1420000
26838,1844000,2618000
65546,250000,515000
106017,1190000,1285000
164372,7000000,14000000
93061,300000,3000000
208434,1600000,1200000
175681,1789000,4650000
115111,1312000,228000
145691,1707000,2550000
46193,1128000,3427000
210860,60000000,30418560
216015,40000000,570489358
227719,12000000,32248241
48156,1008000,1100000
66966,750000,2500000
273248,44000000,145367357
286565,12000000,85512300
256591,50100000,153962963
228165,74000000,323436538
268238,10000000,90384306
309302,38000000,125784988
265712,35000000,183442714
150689,95000000,543514353
243688,35000000,36410582
266647,150000000,128388320
262500,110000000,297276329
228161,135000000,386041607
168259,190000000,1515047671
277685,1000000,64056643
181283,50000000,12951093
257091,40000000,111811453
263109,25000000,106031284
31448,1800000,22000000
304357,11000000,61619773
50220,8000000,17972898
158852,190000000,32900000
256961,30000000,107588225
282631,9500000,138342258
254128,110000000,473990832
304410,11000000,73948603
249070,35000000,82347656
44683,35000000,10872752
254470,29000000,287506194
258480,11800000,40272135
286217,108000000,597353138
238713,65000000,236400000
13179,50000000,9199510
271718,35000000,140795793
9288,15000000,909822
127564,2121000,2983000
300168,65000000,123928485
132316,7217600,26524680
188222,30000000,49263404
150540,175000000,851458049
131634,160000000,646349007
257344,88000000,243637091
262504,110000000,179246868
259316,180000000,721605251
280996,10000000,29355203
328111,75000000,875457937
111237,11000000,7200000
274854,90000000,140396650
287903,15000000,61788393
297761,175000000,745173191
47933,165000000,373011936
188927,185000000,201614916
79464,10920000,19660000
214756,68000000,215863606
211672,74000000,1157275017
19386,2000000,7886848
105864,200000000,331926147
261023,53000000,99775678
206647,245000000,872474269
63315,9000000,1596232
225728,15000000,12601706
296099,31000000,104884188
209112,250000000,873260194
24686,3500000,10276963
264999,14800000,122513057
278927,175000000,947598026
303857,5000000,61768190
203801,75000000,109845109
300671,50000000,69411370
182560,20000000,5090852
281957,135000000,289859162
256040,18026148,25200000
307081,30000000,91970827
273481,30000000,80190063
257211,35000000,194564672
264644,13000000,21989069
298312,5000000,98450062
277216,28000000,201634991
274479,60000000,101134059
228066,40000000,34140474
276907,30000000,42642077
263472,2500000,5214043
253412,55000000,202394678
314365,20000000,63544526
343059,30000000,53246837
159824,80000000,449400480
309809,81200000,97571250
297762,149000000,821631771
68730,46000000,23737523
296098,40000000,160919547
32226,3926842,3484284
360339,2000000,1100000
270487,22000000,62429013
257445,58000000,131877449
320146,1000000,61422
264401,5000000,2700000
146301,10000000,78099553
335462,12000000,90000000
227973,99000000,246233113
312221,35000000,173567581
257088,105000000,133718711
299687,38000000,67065200
318846,28000000,69570882
329833,50000000,55969000
351819,5000000,7290620
340666,22500000,28443455
274167,50000000,240360392
266294,30000000,105929161
140300,145000000,198114054
329440,10000000,30687600
323675,40000000,90698542
319888,23000000,46152411
375290,4400000,6600000
321258,8000000,22797684
291870,27500000,25339753
300673,80000000,15265660
296096,20000000,188090083
17720,1025000,2060000
205584,140000000,142232704
336808,1400000,3411541
267860,60000000,195691140
269149,150000000,1023061245
258363,3000000,1607334
318850,18500000,7313697
299824,37000000,259361762
365222,36000000,156844753
44425,9370000,9705998
292214,200000,1200000
381890,60720000,517523800
301365,7000000,1333124
339984,13000000,73798720
315664,29000000,2080000
302688,18000000,26120000
296360,3000000,13848959
118517,2065000,3305000
290595,115000000,164602163
374465,2100000,282382
378236,50000000,200405914
440597,12000000,14053908
417870,19000000,114651938
120831,488000,731000
48959,1000000,12000000
20,2500000,12267275
28,31500000,81250488
55,2000000,20883834
68,15000000,9930649
78,28000000,33139618
80,2000000,11217346
100,1350000,28356188
103,1000000,28316211
104,1750000,22879194
107,10000000,83593107
141,4500000,7510877
186,27000000,55495466
219,9400000,87226613
226,2000000,20741000
243,20000000,47881663
291,2600000,3292333
292,3000000,12051924
302,7800000,24021282
311,30000000,5564014
319,12500000,12309980
321,5500000,6148823
338,6400000,79384539
398,7000000,49924079
431,250000,8969065
436,3200000,14441158
445,8000000,19891331
451,4000000,49800000
455,5600000,74566042
470,20000000,59667625
480,1200000,27025600
492,13000000,32382381
577,20000000,27688744
613,13500000,93631744
627,3100000,71558971
639,16000000,92961960
650,6500000,56200634
747,5000000,30332385
769,25000000,46777347
844,12000000,19287485
868,3000000,11537539
907,11000000,111859493
979,5400000,8133256
985,100000,7012524
1024,5000000,5438120
1088,4300000,39374600
1123,14000000,5782198
1257,39000000,69538833
1262,30000000,53572822
1266,20000000,65454793
1282,400000,1600566
1365,4000000,43766463
1382,2000000,9615464
1408,92000000,18517322
1412,1200000,36741667
1427,63700000,133603463
1429,4500000,25344490
1435,400000,1162014
1546,4000000,1919197
1585,3180000,9576159
1590,11000000,6586324
1599,22000000,20034713
1808,9000000,4313644
1832,10000000,43948865
1850,52000000,47407635
1874,30000000,2717302
1878,18500000,13711903
1901,26000000,63489752
1948,12000000,43924923
1950,55000000,6521829
1956,7000000,719699
1969,35000000,19282590
1989,10000000,22198996
1997,72000000,62176754
2011,7300000,25397460
2074,7000000,16149180
2084,13000000,8130727
2110,15300000,7000000
2116,50000000,55489826
2185,45000000,8488871
2196,20000000,46790428
2207,45000000,65595141
2252,50000000,56077088
2255,250000,15155095
2287,700000,4857731
2292,27000,3894240
2294,22000000,33762400
2295,5000000,27342246
2312,60000000,13233220
2335,17500000,60865364
2360,4000000,27786849
2539,75000000,54344321
2577,7500000,1788324
2610,7500000,11758418
2652,950000,8267066
2757,18500000,32531759
2771,2000000,8685632
3062,439000,2281000
3082,1500000,165049
3170,858000,268000000
3291,7000000,56586901
3489,30000000,32955399
3635,12000000,43281552
3877,16000000,8120148
4170,12000000,1513388
4251,7000000,7017859
4515,35000000,63211088
4599,50000000,49928680
4638,16000000,81742618
4657,10800000,2862544
4771,19000000,34352162
4816,2000000,10672492
4836,6500000,11745931
4911,15000000,12262065
4912,29000000,33013805
4912,29000000,33013805
4942,58000000,41348628
4951,13000000,60414025
4953,20000000,30894247
4960,20000000,4383538
4965,40000000,7974607
5072,10000000,5950002
5123,25000000,66015869
5125,27500000,26939925
5126,27000000,9352089
5137,70000000,49730854
5653,35000000,32738814
5718,10000000,1165102
5723,150000,23344056
5852,38000000,29544532
5915,20000000,56822960
6020,12000000,12516222
6022,30000000,12885574
6575,35000000,20606053
6687,15000000,6379575
6973,23000000,24489150
7233,45000000,17492014
7301,500000,602789
7501,15000000,12419700
7509,3000000,11322573
7510,12000000,8706701
7512,2400000,500296
7553,1125000,18673274
7859,700000,4911725
7863,5500000,36663895
7870,8000000,973443
7913,5300000,29197694
7942,10000000,33512260
7944,1000000,16173879
8046,54000000,7126002
8090,35000000,52649951
8141,4000000,3858964
8293,8000000,26317943
8321,15000000,34533783
8329,2100000,23266821
8386,12000000,31222395
8390,7000000,55617866
8427,70000000,60279822
8456,21000000,39319801
8457,40000000,49686263
8545,6000000,21787233
8669,12000000,5295909
8675,1000000,627287
8780,30000000,64170447
8847,5000000,332120
8885,2000000,13912289
8895,4000000,384244
8915,40000000,19756077
8942,300000,1416046
8952,13000000,23014027
8953,20000000,10468867
8981,4600000,3099369
8988,25000000,11229035
8991,750000,229250
8998,6500000,18110152
9003,1000000,14575148
9053,30000000,7755686
9089,20000000,22119269
9099,39000000,37956589
9260,12000000,4606284
9270,450000,4243996
9275,50000000,8374062
9280,35000000,16830252
9303,4500000,7011317
9352,25000000,20718223
9372,65000,22233808
9389,18000000,2401413
9424,15000000,19014238
9430,6500000,28383441
9443,5500000,57467731
9451,8500000,17202854
9452,30000000,29203383
9466,12000000,6200000
9469,25000000,22411948
9517,2100000,1381824
9541,35000000,37066129
9550,12000000,92863945
9555,7000000,16866928
9614,10000000,41004412
9672,13000000,2613717
9689,16000000,14839383
9701,30000000,23676771
9707,1000000,1492895
9709,1700000,4727375
9729,25000000,1415656
9766,30000000,41457834
9776,35200000,38283765
9781,16000000,5825314
9796,10000000,14321070
9824,68000000,33462011
9828,3700000,3355048
9839,60000000,11427090
9900,5000000,6590172
9918,30000000,42799060
9969,51000000,46815807
10012,35000000,25114901
10025,28000000,38159905
10028,18000000,62646763
10029,10000000,21094974
10030,25000000,59183821
10050,10000000,19860259
10069,20000000,23187506
10070,3200000,690872
10074,25000000,14334401
10075,15000000,6551310
10115,20000000,30399714
10139,20000000,57293371
10167,25000000,19233280
10187,21000000,17589867
10197,80000000,53508858
10215,6000000,58809149
10218,200000,6618578
10226,2850000,6435262
10288,8000000,456814
10362,12000000,16349034
10384,60000000,14816494
10390,50000000,46112640
10391,40000000,40435694
10410,35000000,28391473
10426,10000000,33526835
10431,25000000,40686409
10477,72000000,54616869
10529,50000000,1250617
10557,3000000,30438635
10560,18000000,21361109
10564,15000000,40862054
10569,18000000,29934477
10622,6000000,31716953
10633,2000000,24391108
10656,2000000,1663296
10683,3000000,5746453
10705,9000000,10176701
10710,20000000,14566246
10712,13500000,29027914
10739,18000000,13203044
10748,11400000,29830239
10758,1500000,22217183
10773,20000000,27836366
10822,4600000,968805
10833,38000000,57753825
10862,35000000,53425292
10878,22000000,25873142
10894,1750000,634803
10913,8000000,446438
10935,44000000,3484523
10956,16000000,30987695
10972,1500000,1619602
10981,4000000,63180
11022,7500000,11843260
11023,2000000,9505996
11025,40000000,21215882
11058,30000000,16910708
11088,35000000,28906817
11093,16500000,16157923
11109,11000000,13353855
11113,17000000,72070955
11129,3300000,5422740
11184,11000000,13000959
11194,2000000,15396525
11199,60000000,253555383
11208,30000000,21577076
11217,8500000,7573551
11224,2900000,263591415
11313,31000000,30885781
11358,56000000,47313824
11363,3500000,13795053
11368,1500000,2730877
11375,75000000,50409753
11380,10000000,8378853
11413,10000000,38364855
11446,800000,5034794
11452,6000000,39241323
11453,22000000,45273464
11458,20000000,5694213
11483,40000000,6341825
11516,28000000,39134983
11545,10000000,19080435
11600,5000000,861325
11648,35000000,58405313
11660,6000,240495
11798,2380000,8739576
11826,4300000,10158355
11835,20000000,16907831
11857,18000000,43308707
11870,15000000,52461017
11889,5500000,15155021
11891,10000000,17033556
11892,50000000,56643267
11908,1500000,240396
11956,300000,2525984
11968,50000000,41982227
11976,25000000,23506237
12079,4500000,1022649
12085,22000000,25044057
12094,11000000,85278712
12109,2000000,2226603
12138,62000000,18708848
12149,11000000,19947280
12182,10000000,33886017
12192,8000000,3270974
12247,250000,284174
12277,25000000,40796145
12281,500000,1348750
12289,40000000,119627047
12312,38000000,24515990
12400,7000000,2667084
12412,45000000,9676497
12498,4833610,34175000
12569,7500000,10849158
12586,3300000,12405473
12612,2000000,105377
12621,9000000,4934104
12657,16000000,14553807
12658,23000000,38684906
12690,20000000,27911453
12797,20000000,29843245
12819,20000000,48958353
12834,9000000,85527
12877,1125000,414736
12920,32000000,39498360
13007,2500000,13881317
13067,10500000,14140402
13121,2000000,2350641
13132,1000000,703020
13141,2000000,2077844
13156,30000000,47902566
13159,20000000,20819601
13160,10000000,21596074
13191,10000000,1299855
13198,1000000,473769
13201,10000000,6244618
13259,5000000,989319
13260,55000000,43980363
13279,20000000,44821299
13291,22000000,27882226
13362,1000000,304472
13369,3500000,18495444
13374,25000000,25732334
13403,6000000,3740030
13411,15000000,34499204
13416,30000000,61950770
13429,750000,814801
13435,12500000,23367586
13455,38000000,44411527
13460,33000000,21621188
13495,28000000,22860477
13510,2000000,4294373
13539,15000000,10845127
13569,2400000,1420418
13688,20000000,47300771
13751,8000000,18959424
13768,15000000,19344615
13771,6000000,7818479
13778,17000000,23734486
13785,6000000,20695413
13812,12000000,41924774
13856,1000000,26822
13920,35000000,53293628
13950,14000000,25873145
13967,30000000,35891257
13969,30000000,10419084
13982,3000000,4002884
13996,5000000,4815890
14012,15000000,21896367
14024,15000000,14811980
14033,14000000,4288246
14034,30000000,38462071
14048,1900000,5617067
14054,1500000,414404
14057,9000000,2548378
14112,7000000,2703821
14113,35000000,12506188
14114,8000000,50811858
14120,10000000,11924041
14144,6000000,18209872
14175,35000000,64188387
14177,25000000,38351350
14181,9000000,28773637
14191,12000000,22978953
14195,10000000,1953882
14220,20000000,6947084
14256,3500000,113783
14278,350000,1772979
14295,1200000,10827356
14299,12000000,8942516
14324,38000000,5473041
14337,7000,841926
14353,8500000,198883
14358,500000,9387581
14359,20000000,53191101
14369,11000000,14786394
14395,10750000,32575443
14434,14000000,13205411
14517,4000000,973613
14527,5800000,421021
14538,20000000,22139590
14544,10000000,17433072
14576,6800000,9533964
14578,7000000,7824358
14582,20000000,4453327
14623,55000000,28231444
14629,8000000,10192613
14652,20000000,8361736
14655,40000000,12345883
14757,500000,1971479
14758,200000,52443
14805,35000000,15471969
14834,5000000,10732909
14844,23000000,12291975
14846,30000000,21758371
14914,20000000,4504111
14968,8000000,48000000
14976,12000000,17475475
15013,7000000,463039
15028,26000000,38788828
15028,26000000,38788828
15049,8000000,12740705
15074,40000000,12624471
15173,14000000,25608779
15186,2000000,3438804
15237,15000000,18524496
15250,13000000,49733545
15544,1200000,81338
15644,20000000,16612072
15647,1500000,9345061
15708,850000,865708
15745,5000000,5476060
15907,12000000,994790
16072,55000000,12923936
16232,30000000,21827296
16353,15000000,7583050
16428,9000000,12512317
16577,65000000,41636243
16614,9800000,17553055
16642,3000000,3660880
16988,17000000,8607815
16991,18000000,27148898
16995,60000000,88832210
17047,26000000,28703083
17134,20000000,17306648
17186,30000000,3252550
17287,450000,22623
17379,45000000,43343247
17431,5000000,10676073
17610,60000000,57604723
17622,10000000,997921
17707,25000000,11115766
17708,11000000,25116103
17880,15000000,33508485
17908,7000000,35795319
17927,20000000,18608570
18065,3000000,10172519
18074,16000000,6615452
18147,25000000,21970831
18191,10000000,241719
18206,1000000,844377
18238,2000000,3620902
18276,15000000,8224998
18292,42000,342722
18442,5000000,96760
18516,10000000,90909
18533,230000,2703762
18570,1000000,4731944
18681,15000000,18260865
18701,18000000,14488705
18900,3500000,13007551
18925,100000,10243159
19084,12000000,31286759
19255,21000000,10108016
19316,2500000,1269705
19344,1000000,5382
19405,10000000,44451470
19556,6000000,4713059
19644,8500000,30298347
19840,18000000,16382538
19898,40000000,17033431
19994,16000000,31943401
20009,11000000,5942218
20178,10000000,295750
20296,1000000,1549000
20360,8400000,6831069
20483,18000000,16959614
20533,47000000,11022696
20616,10000000,34364995
20637,1000000,1425707
20737,3000000,27788649
20764,2500000,108907
20794,6000000,2522928
20857,21000000,43728560
20862,2000000,7756617
21014,5000000,4414753
21074,2500000,3838486
21208,20000000,78769428
21311,34000000,14291999
21461,2700000,31517561
21494,21600000,791154
21525,300000,7808524
21724,25000000,32092761
21765,17000000,45312217
22051,3200000,2828590
22074,20000000,19121531
22314,7000000,15471229
22327,18000000,19685588
22538,85000000,48056764
22617,2000000,1075504
22796,20000000,18310591
22804,11000000,69752402
22805,10000000,723388
22820,9500000,118482
22832,50000000,62209892
23049,17000000,20465206
23367,20000000,12967829
23655,500000,1167524
23706,15000000,40127259
23963,1500000,31916
24066,1700000,2891228
24356,7500000,555335
24363,2000000,466106
24424,1000000,2721096
24432,20000000,28058652
24469,3000000,5922292
24621,9000000,12657377
24664,10000000,2373937
25132,20000000,29870801
25195,19000000,32618920
25196,8500000,47417251
25212,800000,371647
25248,5200000,1695126
25312,1700000,661221
25350,10000000,290875
25461,800000,2900578
25462,13000000,22391450
25636,2500000,1687548
25643,18000000,36133014
25704,15000000,6561243
25941,7300000,12023606
26320,29000000,10066366
26379,4300000,9791282
26390,17000000,39233233
26518,300000,399908
26618,8000000,2256606
26688,12500000,26735797
26710,12000000,17322212
26815,1070000,5348767
27360,25000000,4049527
27569,31000000,15826984
27588,1300000,13465
27936,42000000,11756922
28053,6000000,8173486
28211,13000000,11831131
28355,27000000,28773827
29963,8500000,17220091
30082,1500000,172569
30128,7000000,1429453
30139,3000000,7301115
30309,3000000,7777790
31007,10000000,355919
31117,20000000,9355369
31174,9200000,4199334
31175,4900000,23347469
32235,1900000,1445140
32456,1000000,2315026
32740,10000000,32430721
32823,40000000,91455875
33430,500000,1027228
33511,1900000,7785229
33870,18000000,25941437
34016,20000000,48680977
34043,10000000,4690802
34563,14000000,21410546
34647,16000000,1467278
35169,35000000,39340177
35199,500000,3177636
35691,3000000,3237452
35944,6000000,4316497
36355,25530000,30593313
37003,15000000,26170402
37080,7000000,6537179
37232,1800000,1322161
37495,3750000,2436111
37532,1000000,1087521
37707,30000000,26857459
37737,9200000,17155193
37861,5700000,731613
37931,10000000,8629895
37959,6500000,28383441
37964,8000000,28315272
38031,15000000,34247816
38033,3000000,1022453
38047,2000000,76654
38093,12000000,21867665
38407,50000000,15505922
38415,6750000,6812530
38448,12000000,557545
38543,25000000,5297411
38778,69000000,86796502
38810,323000,1373407
38843,15000000,27469621
39053,7000000,10062896
39055,10000000,721108
39141,150000,3270128
39180,16000000,43057552
39183,1000000,215559
39349,10000000,18423914
39845,25000000,146149
39939,1200000,23046142
40247,3000000,4570178
40658,640000,14812
41110,10000000,15132211
41144,500000,3824868
41402,20000000,28270399
41469,1000000,3465703
42057,10000000,1642939
42888,120000000,49628177
43434,18000000,157002
43923,8000000,6632950
43931,25000000,16727470
43933,500000,5639730
43935,20000000,6093725
43942,2900000,172867
43949,14000000,4289993
44009,8000000,20005613
44092,14000000,11354230
44113,22000000,4065020
44260,6000000,26007
44412,12000000,622273
44629,4200000,8078683
44718,7000000,10828305
44754,14000000,623292
45054,36000000,4020990
45094,12500000,11826980
45132,2500000,593933
45324,12500000,2272186
45658,5000000,2821010
45712,30000000,4967493
45958,35000000,24687524
46138,8000000,15644196
46261,25000000,39126427
46503,20000000,873617
46829,30000000,8845575
46838,5000000,5476793
46849,2500000,72260
46989,1000000,475367
47327,50000000,41042583
47607,50000,424149
47692,15000000,1970268
47890,10000000,11400000
48463,1400000,56073
48572,4000000,1983596
49010,3000000,834953
49020,1900000,4581937
49526,35000000,31393201
49963,1000000,1615787
50321,150000000,39549758
50357,5000000,26517819
50601,12000000,87793
50647,32500000,24159934
50698,2000000,2151887
50725,19000000,7576604
50837,1000000,5438911
50875,1800000,842693
51384,5000000,282687
51588,8000000,10763183
52015,4000000,679482
52032,350000,310891
52067,10000000,7862131
53113,30000000,26708196
53457,14500000,25480031
55306,2700000,15600000
55420,175000,2102779
55561,2000000,539961
55616,1100000,81371
56666,1000000,1179462
56715,40000000,16172200
57022,5600000,3281898
57120,2000000,1869928
58051,10100000,18726300
58431,28000000,16311335
59678,13000000,6459183
59968,5000000,25861249
60420,250000,3731489
60421,900000,958978
60422,4000000,978527
60599,12000000,35830713
62206,28000000,40966716
62215,9400000,21817298
62255,6500000,3149
62320,500000,44793168
62676,8300000,2598224
63006,5200000,11633427
63492,20000000,30163785
63574,27500000,31157914
65749,4500000,5428387
66025,1500000,372239
66125,9100000,20927794
66942,2900000,25935
68818,4500000,1217307
69668,50000000,41642166
70074,55000000,22597969
70805,450000,450349
70868,24000000,24474463
71157,8900000,22744132
71859,7000000,10765283
72213,2000000,35185884
72359,15000000,9307166
73935,16000000,94812
74510,750000,7712436
74725,800000,462206
74777,70000,8555
75900,10000000,34240572
76996,250000,743216
78307,250000,237816
78381,7000000,1268346
78698,40000000,25268680
79316,7000000,36146087
79777,13000000,509193
80304,6000000,8446952
81220,500000,7890
81836,21500000,74326015
82532,10000000,4708127
82533,3000000,1324299
82631,19000000,5745503
82684,20000000,8300821
83770,25000000,9313302
83860,1000000,5391992
84188,270000,830700
84197,1250000,2940411
84200,850000,1386088
84204,5300000,440821
84332,750000,4422318
86812,135000,429448
87818,10000000,31164747
88005,10000000,11766959
89325,12000000,1200346
90369,500000,2141436
91979,20000000,12967829
92182,2000000,16610760
94352,25000000,28012862
96238,500000,308793
97365,19500000,29393634
98357,35000000,34480045
98548,16000000,12519804
101173,10000000,1049641
102362,30000000,19599974
103328,4000000,4230426
103731,10000000,31556959
109410,40000000,97470701
111794,66000,602920
115210,2000000,63555
115348,40000000,16173593
115782,18000000,43402515
116977,45000000,73706
121986,3000000,11267511
122081,5000000,31149251
125052,500000,367582
125263,600000,85343
125490,3100000,123407
127501,4600000,36751984
130150,18000000,14189810
130798,1300000,13465
133931,20000000,34454631
136418,23000000,13593473
141052,300000000,279049710
144340,13000000,18733666
145135,3500000,27704111
146198,20000000,25943792
146227,18000000,11813989
147767,5600000,14683763
152748,5000000,1075009
157354,900000,17549645
157843,36000000,1480089
164457,22000000,15434375
167073,11000000,62076141
172533,500000,407100
173224,250000,3234
174751,25000000,2976636
175528,8500000,22885836
175541,17500000,7285135
177494,6000000,3485383
180296,3000000,82780
184341,20000000,5032013
185008,8300000,50827466
186935,1000000,552614
188166,420000,435168
192132,1000000,1156309
192133,5000000,927074
192134,7000000,1857458
192210,3000000,47469
192577,30000000,143490
193613,18000000,9082906
198185,25000000,39217912
200505,25000000,29847480
201085,55000000,75466595
201088,70000000,19548419
204082,22000000,51695362
204922,22000000,19563579
207769,950000,78122
208869,10000000,552641
209263,8000000,25621449
209274,2600000,15298355
209403,10000000,7843145
209451,40000000,65282732
215211,30000000,25199891
215881,2000000,28864
222649,10000000,3168858
222936,37000000,24935799
225565,8000000,53068955
226458,25000,428923
227735,36000000,57824533
228203,17000000,45707924
232679,15000000,30138912
234212,3000000,4668109
235271,5000000,17499242
238603,13000000,42174545
239566,30000000,33339868
239573,35000000,12819501
239678,20000000,41296320
241257,20000000,14883495
241554,50000000,66961644
243938,14000000,12452601
244267,1000000,852399
244403,5000000,567219
244783,6000000,437089
245168,14000000,34044909
245700,14000000,25187026
245703,18000000,7680250
245846,10000000,161097
245916,5000000,6656705
246403,3000000,1857688
248774,1000000,3324070
250349,10000000,173613
252512,10000000,13423176
252680,5000000,10537341
253235,18000000,17762041
253306,1500000,236863
254473,28000000,73421224
254905,4000000,797439
255343,17000000,1973945
256274,5000000,41824066
256687,8000000,44197
256924,10000000,7501132
256962,20000000,17684355
259694,37000000,99595932
261392,28000000,30295076
262543,15000000,6775458
265177,4900000,17561100
265208,30000000,929157
266102,4000000,324218
266639,5000000,2368937
267193,35000000,28721408
268531,38000000,123298168
271331,30000000,168832
273477,15000000,15554855
275601,18000000,41148679
276905,18000000,27392195
279641,35000000,24915969
281778,20000000,774905
283350,3000000,483938
283445,10000000,54104225
284053,180000000,737573350
284296,12000000,25514848
286554,1600000,868081
287424,4500000,597989
290751,20000000,30808558
290825,5000000,2199
291270,8000000,5531455
291328,26700000,3871448
291854,2000000,6049171
294963,2000000,481525
295699,10000000,5437126
295964,20000000,32632668
301351,2000000,10166209
308266,50000000,83034523
308369,8000000,9266180
308639,7000000,18190831
309425,2300000,14305540
314402,9000000,7714549
316002,26000000,135436
316152,50000000,23152062
319910,15000000,3471
323272,3000000,73975239
324322,600000,7943
325133,35000000,108758521
325373,6840000,22273
327029,120000000,140845191
332411,18000000,309608
332979,16000000,6248077
333348,18000000,42167286
333371,5000000,108286422
334298,56000000,386096060
334521,10000000,3793754
334527,7000000,386744
335778,20000000,46164361
337844,15000000,214182
340945,40000000,1641255
341012,20000000,9537120
342521,15000000,20609977
347126,5000000,23565072
356905,7000000,10237229
357441,1000000,17721
361475,1100000,27561
367551,1000000,26
370755,5000000,10778217
371645,2500000,23238220
373314,11000000,2352511
376290,18000000,5911870
402529,45000000,54876855
403390,21000000,606162
407887,12700000,49196532
417644,25000000,23190697
417678,10000000,45858330
417830,22000000,35355942
418078,5000000,17387100
