id,raw_budget,raw_revenue,raw
862,30000000,364545516,1995
8844,65000000,262758310,1995
11860,58000000,87100000,1995
710,60000000,356429941,1995
10858,45000000,34668249,1995
1408,92000000,18517322,1995
524,52000000,110400000,1995
4584,16500000,134993774,1995
9273,30000000,212400000,1995
11517,68000000,77224232,1995
8012,30250000,115021008,1995
9691,50000000,83306268,1995
451,4000000,49800000,1995
63,29000000,168841459,1995
9598,30000000,246100000,1995
687,11000000,83088295,1995
31174,9200000,4199334,1995
9312,20000000,122133227,1995
577,20000000,27688744,1995
807,30000000,328125643,1995
10530,55000000,347100000,1995
9089,20000000,22119269,1995
2054,31000000,106282604,1995
10634,3500000,27936778,1995
755,20000000,25732986,1996
11859,50000000,26097497,1995
9095,47000000,12900000,1996
9208,65000000,148345997,1996
9614,10000000,41004412,1996
197,72000000,209045522,1995
103,1000000,28316211,1976
33542,7500000,36238752,1996
11066,42000000,131052444,1992
2074,7000000,16149180,1996
5757,20000000,41342180,2006
9737,23000000,141247413,1995
568,65000000,334100000,1995
414,100000000,336529144,1995
8839,55000000,282300000,1995
10329,50000000,152022333,1995
8963,55000000,159387195,1995
1572,90000000,366101666,1995
6520,75000000,127361412,1995
9482,85000000,113487912,1995
9344,1500000,20412216,1995
10802,40000000,37750754,1995
9348,35000000,113354449,1995
3512,60000000,104324083,1995
9804,175000000,264246220,1995
76,2500000,5683223,1995
2292,27000,3894240,1994
8984,55000000,212200000,1994
8467,16000000,246400000,1994
14275,700000,11768371,1994
1024,5000000,5438120,1994
11,11000000,786598007,1977
4476,30000000,160502573,1994
680,8000000,212928762,1994
2164,55000000,196565669,1994
193,38000000,120000000,1994
3049,12000000,107217396,1994
9331,62000000,207500000,1994
13,55000000,679850637,1994
712,4500000,242895809,1994
1637,30000000,283200000,1994
8831,28000000,102053581,1994
36955,100000000,365300000,1994
10395,70000000,131011757,1994
11667,35000000,99423000,1994
306,50000000,119180938,1994
9350,65000000,255000000,1993
1634,20000000,153698625,1993
329,63000000,1038812584,1993
9593,85000000,137298489,1993
2320,55000000,122079192,1996
788,25000000,441286003,1993
9800,26000000,201324422,1993
424,25000000,321365567,1993
78,28000000,33139618,1982
319,12500000,12309980,1993
11446,800000,5034794,1996
771,15000000,476684675,1990
251,22000000,517600000,1990
812,28000000,504050219,1992
280,100000000,515419827,1991
581,19000000,424200000,1990
268,35000000,411348924,1989
10020,20000000,451329842,1991
114,14000000,432645872,1990
275,7000000,51204567,1996
9099,39000000,37956589,1996
10684,46000000,100833145,1996
954,80000000,457697994,1996
8840,57000000,104364680,1996
2300,80000000,250200000,1996
36355,25530000,30593313,1996
664,88000000,495700000,1996
9323,110000000,167918847,2017
9879,50000000,113309743,1996
627,3100000,71558971,1996
602,75000000,817400878,1996
11543,25000000,32223424,1996
9268,100000000,234400000,1996
11228,80000000,158908290,1996
9294,32000000,152036382,1996
49963,1000000,1615787,1996
11363,3500000,13795053,1996
18550,30000000,19892205,1996
3595,70000000,308700000,1996
12123,55000000,60209334,1996
3573,5900000,37831658,1996
10478,45000000,75854588,1996
9303,4500000,7011317,1996
410921,25000000,64594061,1997
11113,17000000,72070955,1964
770,3900000,390525192,1939
62,10500000,68700000,1968
3080,609000,3202000,1935
1585,3180000,9576159,1946
10861,25000000,51702929,1996
1770,25000000,27572844,1996
864,14000000,155056263,1993
11224,2900000,263591415,1950
8367,50000000,390500000,1991
562,28000000,139109346,1988
9591,2500000,34557416,1996
9716,20000000,34600000,1996
10218,200000,6618578,1996
819,44000000,165600852,1996
601,10500000,792965326,1982
2119,60000000,157670733,1990
744,15000000,356800601,1986
1412,1200000,36741667,1989
85,20000000,389925971,1981
68,15000000,9930649,1985
679,17000000,183316455,1986
947,15000000,69995385,1962
28,31500000,81250488,1979
769,25000000,46777347,1990
348,9000000,203630630,1979
766,11000000,21502976,1993
539,20000000,37226218,1998
10705,9000000,10176701,1989
311,30000000,5564014,1984
207,16400000,239500000,1989
33,14400000,159157447,1992
105,19000000,385524862,1985
8009,16000000,12900000,1986
89,48000000,474171806,1989
783,22000000,127767889,1982
639,16000000,92961960,1989
1598,35000000,182291969,1991
6217,134000,8000000,1942
199,46000000,150000000,1996
7863,5500000,36663895,1996
12498,4833610,34175000,1996
9279,60000000,129832389,1996
1573,70000000,239814025,1990
152,35000000,139000000,1979
174,27000000,96900000,1991
172,30000000,70200000,1989
154,12000000,95800000,1982
157,18000000,87000000,1984
168,24000000,133000000,1986
364,80000000,266824291,1992
621,6000000,387513770,1978
578,12000000,470700000,1975
579,20000000,208900376,1978
75,80000000,101371017,1996
9390,50000000,274000000,1996
4232,15000000,173046663,1996
8818,55000000,151947179,1996
9619,115000000,178200000,1997
9366,35000000,65303052,1997
1624,45000000,302710615,1997
76996,250000,743216,1997
9360,45000000,136998907,1997
13982,3000000,4002884,1997
10357,90000000,120100000,1997
816,18000000,67683989,1997
12499,85000000,35681080,1997
1701,80000000,224117573,1997
1639,110000000,150468000,1997
11970,70000000,250700000,1997
8874,46000000,298923419,1997
11956,300000,2525984,1996
607,90000000,587790539,1997
686,90000000,165900000,1997
9387,20000000,79114085,1982
10603,55000000,174463257,1997
2142,15000000,63706632,1997
10336,40000000,87949859,1997
20737,3000000,27788649,1997
8834,80000000,142783718,1997
9772,85000000,315268353,1997
978,70000000,131445884,1997
55306,2700000,15600000,1997
2255,250000,15155095,1997
3597,17000000,125250091,1997
125052,500000,367582,1998
4995,15000000,43111725,1997
563,100000000,121100000,1997
10215,6000000,58809149,1998
9823,30000000,51327406,1997
9444,53000000,139801290,1997
8078,60000000,160700000,1997
11831,40000000,58250151,1997
9574,80000000,177993801,1997
489,10000000,225933435,1997
597,200000000,2207615668,1997
714,110000000,339504276,1997
52537,50000000,40119848,2004
184,12000000,74727492,1997
586,15000000,64252038,1997
2666,27000000,27257061,1998
6116,25000000,56042592,1998
10153,73000000,50168294,1998
2898,50000000,314111923,1997
32456,1000000,2315026,1998
2157,80000000,136047317,1998
795,55000000,198750909,1998
9469,25000000,22411948,1998
10622,6000000,31716953,1998
55561,2000000,539961,1998
8656,80000000,349464664,1998
18937,40000000,38172500,1998
929,125000000,376000000,1998
9452,30000000,29203383,1998
1878,18500000,13711903,1998
9715,30000000,81529000,1998
6068,80000000,164800000,1998
10674,90000000,303500000,1998
3050,71500000,294156605,1998
20862,2000000,7756617,1998
95,140000000,554600000,1998
944,140000000,285400000,1998
11551,40000000,71743823,1998
544,22000000,369884651,1998
25430,55000000,9521458,2006
10633,2000000,24391108,1967
1366,1000000,225000000,1976
9443,5500000,57467731,1981
606,31000000,258210860,1985
380,25000000,412800000,1988
4488,550000,59754601,1980
948,325000,70000000,1978
10585,9000000,44196684,1988
11186,13000000,34166572,1990
609,10700000,121706019,1982
941,15000000,120192350,1987
943,35000000,319700000,1992
165,40000000,332000000,1989
196,40000000,244088654,1990
16084,26000000,160822438,2003
3170,858000,268000000,1942
9424,15000000,19014238,1998
9835,10000000,30143795,1998
857,65000000,485035085,1998
907,11000000,111859493,1965
87,28000000,333080271,1984
8688,73000000,103891409,1998
15171,82500000,143985708,2006
11976,25000000,23506237,1986
36647,45000000,131237688,1998
41469,1000000,3465703,1998
12684,35000000,18376443,2014
36055,14000000,20537741,2009
431,250000,8969065,1998
22796,20000000,18310591,1998
10699,42000000,66787173,1992
53113,30000000,26708196,1998
2109,35000000,245300000,1998
8195,55000000,70692101,1998
9877,14000000,72571864,1998
26618,8000000,2256606,1998
8916,60000000,152457863,1998
12159,80000000,71485043,1998
37532,1000000,1087521,1998
11932,25000000,50692188,1998
6435,60000000,68336997,1998
10683,3000000,5746453,1998
637,20000000,229385361,1998
8675,1000000,627287,1998
4518,25000000,82150642,1998
1808,9000000,4313644,1998
9798,85000000,250649836,1998
9466,12000000,6200000,1998
244,23000000,90614445,1976
9447,80000000,69131860,1998
10029,10000000,21094974,1998
8545,6000000,21787233,1998
200,70000000,117800000,1998
11545,10000000,19080435,1998
1934,26000000,279500000,1998
1369,44000000,300400000,1985
1368,14000000,125212904,1982
1370,58000000,188715611,1988
9489,65000000,250800000,1998
10312,50000000,202173000,1998
9441,50000000,159745279,1998
14709,16000000,54294169,1999
9423,75000000,30626690,1999
9671,8800000,328203506,1986
45712,30000000,4967493,1999
2112,50000000,161626121,1999
111794,66000,602920,1999
1542,10000000,12179708,1999
8224,40000000,96398826,1999
15856,19000000,65090541,1999
9535,30000000,176885658,1999
796,11000000,75803716,1999
100,1350000,28356188,1999
11374,60000000,35319689,1999
4951,13000000,60414025,1999
65749,4500000,5428387,1999
11660,6000,240495,1999
9430,6500000,28383441,1999
6522,75000000,73521587,1999
9451,8500000,17202854,1999
1844,66000000,211700000,1999
8592,47000000,162738726,1990
17962,4500000,2481925,2010
15660,5000000,25032000,1981
1924,55000000,300200000,1978
509,42000000,363728226,1999
62676,8300000,2598224,1999
817,35000000,312383487,1999
37135,145000000,448191819,1999
104,1750000,22879194,1999
9032,30000000,228641283,1999
8487,175000000,221229335,1999
125263,600000,85343,1999
2105,12000000,234723148,1999
345,65000000,104267443,1999
620,30000000,295212467,1984
8914,60000000,165048228,1999
9824,68000000,33462011,1999
4806,70000000,310138178,1999
33430,500000,1027228,1999
967,12000000,60000000,1960
3175,11000000,20169934,1975
11353,55000000,98699769,1999
17707,25000000,11115766,1999
9781,16000000,5825314,1999
2280,18000000,151668774,1988
10154,40000000,53864342,1999
22314,7000000,15471229,1999
14578,7000000,7824358,1999
10307,32000000,89441732,1999
14,15000000,356258047,1999
11001,36000000,117448157,1999
10390,50000000,46112640,1999
10398,40000000,177835231,1999
14429,8000000,22591451,1999
6415,48000000,107752036,1999
24066,1700000,2891228,1999
12618,64000000,63200000,1999
226,2000000,20741000,1999
861,65000000,261400000,1990
16642,3000000,3660880,1978
535,7000000,201463574,1983
658,3000000,124900000,1964
657,2000000,78900000,1964
646,1000000,59567035,1963
772,20000000,358994850,1992
550,65000000,100851705,1999
856,70000000,351500000,1988
699,28000000,195300000,1981
709,42000000,156167015,1989
253,7000000,161800000,1973
660,9000000,141200000,1965
492,13000000,32382381,1999
21610,5000000,19600000,1981
1832,10000000,43948865,1999
47692,15000000,1970268,1999
2668,70000000,207068340,1999
10998,14000000,320100000,1987
9013,30000000,81613606,1988
9946,100000000,212026975,1999
863,90000000,511358276,1999
55123,312000,1788168,1999
10402,18000000,92935067,1999
2277,90000000,87420776,1999
10137,105000000,298815224,1999
334,37000000,48446802,1999
9563,60000000,100230832,1999
1850,52000000,47407635,1999
926,45000000,90523726,1999
10471,9500000,59675307,2000
17908,7000000,35795319,2000
10384,60000000,14816494,2000
18681,15000000,18260865,2000
8872,20000000,183097323,1992
9869,45000000,178100000,1992
9374,55000000,149022650,1992
8293,8000000,26317943,1992
9367,7000,2041928,1993
4234,40000000,161838076,2000
15489,13000000,62452927,2000
14181,9000000,28773637,2000
10385,40000000,51867723,2000
2787,23000000,53182088,2000
11004,35000000,33422485,2000
25212,800000,371647,2000
25166,16000000,15980376,2000
4816,2000000,10672492,2000
2067,90000000,106000000,2000
838,777000,140000000,1973
820,40000000,205400000,1991
462,50000000,257805243,2000
9532,23000000,112036870,2000
1498,13500000,202000000,1990
2085,25000000,91036760,2000
13539,15000000,10845127,2000
3082,1500000,165049,1936
840,20000000,340800479,1977
243,20000000,47881663,2000
879,70000000,300854823,1991
10559,31000000,68079671,2000
10479,60000000,71719931,2000
106,18000000,98267558,1987
10468,43000000,62063972,2000
1359,8000000,28674417,2000
4967,29000000,45336404,2000
10557,3000000,30438635,2000
18041,14000000,12591270,2000
3536,62000000,127630030,2000
10564,15000000,40862054,2000
98,103000000,457683805,2000
21311,34000000,14291999,2000
11129,3300000,5422740,2000
16395,75000000,219572877,2016
10560,18000000,21361109,2000
10567,127500000,356148063,2000
10642,20000000,18250106,2000
9285,16000000,119739110,2000
10569,18000000,29934477,2000
21484,25000000,14805812,2002
8584,55000000,71189835,2000
668,8000000,82000000,1969
698,31000000,210300000,1979
9600,33000000,173559438,2000
985,100000,7012524,1977
11368,1500000,2730877,1985
169,35000000,54768418,1990
9659,200000,99750000,1980
17814,30000000,36040895,2005
482,53012938,107190108,2000
25636,2500000,1687548,2000
7443,42000000,227793915,2000
4247,19000000,277200000,2000
23655,500000,1167524,2000
36657,75000000,296872367,2000
2655,90000000,288693989,2000
12107,84000000,166307945,2000
10641,40000000,90717684,2000
6282,45000000,113916474,2000
9383,90000000,191200000,2000
5551,65000000,128874043,2000
2360,4000000,27786849,2000
10391,40000000,40435694,2000
14195,10000000,1953882,2000
1588,10000000,90453550,2000
10480,24000000,27732366,2000
786,60000000,47371191,2000
14805,35000000,15471969,2000
18074,16000000,6615452,2000
12212,15000000,38574362,2000
14629,8000000,10192613,2000
16,12500000,45557491,2000
13785,6000000,20695413,2000
10637,30000000,136706683,2000
9003,1000000,14575148,1987
24664,10000000,2373937,2000
20455,5000000,16628751,2000
10461,40000000,19417182,2000
1597,55000000,330425040,2000
641,4500000,7389233,2000
10383,28000000,31320293,2000
71,5000000,109272908,2000
1636,48000000,90376224,2000
10647,40000000,55696705,2000
11531,15000000,47721314,2000
4327,90000000,259736090,2000
9678,80000000,58270391,2000
11978,32000000,82339483,2000
8870,80000000,33463969,2000
14295,1200000,10827356,2000
681,7200000,116000000,1971
10862,35000000,53425292,2000
8871,123000000,345141403,2000
10876,13500000,11732088,2000
9741,73243106,248099143,2000
146,15000000,213514672,2000
11983,65000000,62761005,2000
11678,75000000,213500000,2000
107,10000000,83593107,2000
392,25000000,152500343,2000
8859,13000000,73180297,2000
12509,6000000,10557291,2000
3981,65000000,374105123,2000
711,43000000,80013623,2000
8358,85000000,427230516,2000
1493,45000000,213420951,2000
134,26000000,75763814,2000
21355,45000000,18120267,2000
11973,80000000,66554547,2000
1900,48000000,208300000,2000
9989,30000000,17865209,2001
9816,13000000,122244329,2001
20637,1000000,1425707,2000
96,20000000,276665036,1987
90,15000000,316300000,1984
12506,29000000,25899797,1987
34379,1000000,2684207,2001
9740,87000000,350100280,2001
10878,22000000,25873142,2001
16300,30000000,71172251,2001
19405,10000000,44451470,2001
1921,40000000,65754228,2001
44412,12000000,622273,2001
12138,62000000,18708848,2001
39180,16000000,43057552,2001
2749,42000000,56331864,2001
10050,10000000,19860259,2001
853,85000000,96971293,2001
10877,33000000,79958599,2001
77,5000000,39723096,2001
10833,38000000,57753825,2001
12658,23000000,38684906,2001
10054,35000000,197692062,2001
55,2000000,20883834,2001
2043,28000000,105159085,2001
4133,30000000,83282296,2001
56715,40000000,16172200,2001
634,25000000,281527158,2001
10956,16000000,30987695,2001
136558,7000000,23393939,2001
9290,25000000,39393111,2001
10477,72000000,54616869,2001
38047,2000000,76654,2001
8095,42000000,71000000,1963
5852,38000000,29544532,2001
808,50000000,491812794,2001
824,53000000,179209685,2001
676,151500000,449239855,2001
14034,30000000,38462071,2001
9397,80000000,98341932,2001
9705,80000000,147080413,2001
1089,24000000,83531958,1991
10865,90000000,186049020,2001
1995,94000000,273330185,2001
10808,72000000,176101721,2001
11826,4300000,10158355,2001
4248,45000000,141189101,2001
2114,137000000,85131830,2001
8835,18000000,141809235,2001
9517,2100000,1381824,2001
15745,5000000,5476060,2001
9493,15000000,216600000,1988
9085,30000000,95857262,1989
11467,46000000,160648493,2001
1548,5500000,8761608,2001
13403,6000000,3740030,2001
5175,90000000,347425832,2001
2770,30000000,286500000,2001
13496,35000000,13601109,2001
10972,1500000,1619602,2001
1722,57000000,62097495,2001
9896,48000000,86607223,2001
2294,22000000,33762400,2001
8922,10000000,58939035,2001
12508,38000000,19317765,2001
14033,14000000,4288246,2001
25462,13000000,22391450,2001
20857,21000000,43728560,2001
22617,2000000,1075504,2001
2185,45000000,8488871,2002
2034,45000000,104505362,2001
11576,9400000,60000000,1963
12103,50000000,104488383,2001
11313,31000000,30885781,2001
9398,28000000,60780981,2001
9778,28000000,77477297,2001
17708,11000000,25116103,2001
1018,15000000,11919578,2001
11380,10000000,8378853,2001
768,35000000,68712365,2001
34043,10000000,4690802,2001
141,4500000,7510877,2001
11457,18000000,23889158,2001
11456,53000000,54207112,2001
585,115000000,559757719,2001
11088,35000000,28906817,2001
20794,6000000,2522928,2001
14369,11000000,14786394,2001
1535,90000000,143049560,2001
1999,1700000,42137871,2001
10656,2000000,1663296,1985
299,85000000,450728529,2001
11397,15000000,62401343,2001
1903,70000000,202726605,2001
11889,5500000,15155021,2001
8386,12000000,31222395,2001
12589,25000000,102992536,2001
12312,38000000,24515990,2001
18783,145000000,121671925,2005
8489,109000000,87683966,2001
855,95000000,159691085,2001
10950,22000000,92542418,2001
1365,4000000,43766463,2001
11857,18000000,43308707,2002
4965,40000000,7974607,2002
11891,10000000,17033556,2002
11888,32000000,116898028,2002
20009,11000000,5942218,2002
2084,13000000,8130727,2002
11870,15000000,52461017,2002
9884,85000000,78353508,2002
11535,70000000,25852508,2002
17130,12000000,57000000,2002
10592,70000000,33076815,2002
8470,36000000,102226631,2002
39939,1200000,23046142,2002
480,1200000,27025600,2002
77955,13300000,7229933,2014
2752,17000000,95092667,2002
10590,70000000,114658262,2002
13950,14000000,25873145,2002
15186,2000000,3438804,2002
10935,44000000,3484523,1980
425,65000000,386116343,2002
1576,35000000,103787401,2002
5851,85000000,78948765,2002
15647,1500000,9345061,2002
6020,12000000,12516222,2002
18292,42000,342722,2000
15028,26000000,38788828,2002
9275,50000000,8374062,2002
4547,48000000,196308367,2002
11560,42000000,63781100,2002
11452,6000000,39241323,2002
35944,6000000,4316497,2002
12149,11000000,19947280,2002
8346,5000000,374890034,2002
14168,48000000,71171825,2007
11892,50000000,56643267,2002
11470,14000000,16951798,2002
1282,400000,1600566,2002
13201,10000000,6244618,2002
9689,16000000,14839383,2002
557,139000000,821706375,2002
2251,50000000,119114494,2002
245,27000000,130759651,2002
1957,38000000,50970660,2002
9023,80000000,106515310,2002
17734,3000000,3705923,2002
12277,25000000,40796145,2002
9637,84000000,276294164,2002
12100,115000000,77628265,2002
180,102000000,358824714,2002
9555,7000000,16866928,2002
57022,5600000,3281898,2002
2022,50000000,171269535,2002
21972,30000000,62432423,2002
6278,60000000,82150183,2002
4147,80000000,183354514,2002
96238,500000,308793,2002
11442,15000000,37659652,2002
8869,30000000,36722311,2002
8665,90000000,65716126,2002
10996,120000000,166000000,2002
818,63000000,296338663,2002
39141,150000,3270128,2002
2675,70702619,408269295,2002
9488,38000000,119721296,2002
7451,70000000,267200000,2002
9266,30000000,51618420,2002
9357,12000000,52223306,2002
12771,29000000,20146150,2002
20616,10000000,34364995,2002
10611,12000000,77063461,2002
11013,4000000,9413956,2002
11529,38000000,182365114,2002
2110,15300000,7000000,2002
15173,14000000,25608779,2002
9533,78000000,206455420,2002
9260,12000000,4606284,2002
37964,8000000,28315272,2002
7501,15000000,12419700,2002
13768,15000000,19344615,2002
10994,16000000,21657770,2002
1430,3000000,58240487,2002
8051,25000000,24591031,2002
15992,25000000,12219367,2002
14112,7000000,2703821,2002
30309,3000000,7777790,2002
39874,14000000,102836002,2009
9645,20000000,68349884,2002
9012,5000000,79282312,2002
1360,12000000,56131239,2002
12208,12000000,41744718,1967
8427,70000000,60279822,2002
9280,35000000,16830252,2002
65,41000000,245768384,2002
10712,13500000,29027914,2002
10167,25000000,19233280,2002
672,100000000,878979634,2002
47890,10000000,11400000,1981
36669,142000000,431942139,2002
10426,10000000,33526835,2002
15074,40000000,12624471,2002
9016,100000000,91800000,2002
16028,17000000,16140842,2002
14433,16000000,1844228,2013
9932,60000000,54994757,2002
13369,3500000,18495444,2002
2757,18500000,32531759,2002
7299,20000000,5345869,2002
40952,20000000,8178569,2005
7303,55000000,163838217,2002
201,60000000,67312826,2002
2755,30000000,107054484,2002
1429,4500000,25344490,2002
13435,12500000,23367586,2002
3131,97000000,183124621,2002
2642,60000000,199043309,2002
11022,7500000,11843260,2002
20424,12000000,4984663,1986
640,52000000,355612291,2002
1574,30000000,306770545,2002
4912,29000000,33013805,2002
12090,19000000,101564935,2003
10628,60000000,90723216,2003
10727,7000000,47289758,2003
39349,10000000,18423914,1994
9358,26000000,90396664,2003
10894,1750000,634803,2003
9919,50000000,178890782,2003
6038,50000000,88316835,2003
9480,80000000,182782518,2003
13132,1000000,703020,2003
1956,7000000,719699,2003
4911,15000000,12262065,2003
16072,55000000,12923936,2003
11635,24000000,86765463,2003
10623,25000000,56434942,2003
10678,20000000,164675402,2003
9567,75000000,85632458,2003
979,5400000,8133256,2003
455,5600000,74566042,2003
12079,4500000,1022649,2003
9557,15000000,14933713,2003
6171,68000000,75685268,2003
10782,50000000,42598498,2003
9776,35200000,38283765,2003
25461,800000,2900578,2003
1817,11000000,97837138,2003
9506,56000000,195660942,2003
14290,250000,3809226,2003
24621,9000000,12657377,2003
8326,20000000,71232214,2003
13411,15000000,34499204,2003
11516,28000000,39134983,2003
994,25000000,11253821,2011
2832,28000000,82183683,2003
11458,20000000,5694213,2003
36658,125000000,406875536,2003
46989,1000000,475367,2003
10708,60000000,164285587,2003
55616,1100000,81371,2003
310,81000000,484468608,2003
12,94000000,936429370,2003
9902,10000000,28649556,2003
584,76000000,236410607,2003
1088,4300000,39374600,2003
11375,75000000,50409753,2003
20694,25000000,55443032,2003
170,8000000,82955633,2003
9471,120000000,227200000,2003
24109,140000000,203018919,2005
1927,137000000,245075434,2003
14411,60000000,80767884,2003
296,170000000,433058296,2003
302,7800000,24021282,2003
22,140000000,634954103,2003
32235,1900000,1445140,2003
8961,130000000,273271982,2003
9486,45000000,163126676,2003
3472,10000000,14156753,2003
24356,7500000,555335,2003
1996,90000000,157092943,2003
4464,86000000,148715342,2003
12279,40000000,167851995,2003
8273,55000000,126425115,2003
8046,54000000,7126002,2003
6466,25000000,114576403,2003
2055,26000000,68613992,2003
11770,10000000,42776032,2004
2771,2000000,8685632,2003
44408,25000000,38112154,2011
10923,25000000,58240458,2003
11351,25000000,119923801,2003
13778,17000000,23734486,2003
11547,1500000,30351664,2003
1428,29000000,97413527,2003
153,4000000,117085297,2003
8408,3500000,34004262,1985
39859,8000000,18828036,2006
10739,18000000,13203044,2003
13156,30000000,47902566,2003
9707,1000000,1492895,2003
7288,40000000,10070651,2003
10934,18000000,57490024,2003
5653,35000000,32738814,2003
321,5500000,6148823,2003
20,2500000,12267275,2003
650,6500000,56200634,1991
18900,3500000,13007551,1967
2116,50000000,55489826,2003
1584,20000000,131945303,2003
322,30000000,156822020,2003
21765,17000000,45312217,2003
11775,60000000,121327628,2003
1550,300000,3571253,2003
10629,17000000,9438074,2003
10944,12000000,23693646,2003
9839,60000000,11427090,2003
13920,35000000,53293628,2003
4256,45000000,155200000,2003
1807,3000000,10051516,2003
13537,6000000,3456602,2003
10719,32000000,220236410,2003
508,45000000,247950247,2003
10715,80000000,54540662,2003
8619,135000000,212912137,2003
21525,300000,7808524,2003
4970,40000000,141484812,2003
470,20000000,59667625,2003
10147,18000000,77147031,2003
9562,80000000,26703184,2003
10234,15000000,8200127,2008
10410,35000000,28391473,1992
951,26000000,202000000,1990
10413,15000000,52189039,1993
3062,439000,2281000,1933
11519,32000000,94875000,1979
10028,18000000,62646763,2003
587,70000000,123954323,2003
6964,80000000,266685242,2003
1792,55000000,63537164,2003
3635,12000000,43281552,2003
11820,65000000,141205169,2003
8696,10000000,93074616,2003
11093,16500000,16157923,2003
504,5000000,64240813,2003
11007,40000000,190212113,2003
2289,80000000,165173909,2003
9620,60000000,98819789,2003
14844,23000000,12291975,2004
26710,12000000,17322212,2004
5966,42000000,173044410,2004
10718,40000000,46176322,2004
14757,500000,1971479,2004
11194,2000000,15396525,2004
14114,8000000,50811858,2004
15708,850000,865708,2004
21301,18000000,65842412,2004
20483,18000000,16959614,2004
11023,2000000,9505996,2003
1824,75000000,196320329,2004
8842,39000000,6429865,2004
11132,15000000,33118854,2004
9352,25000000,20718223,2004
11217,8500000,7573551,2004
338,6400000,79384539,2004
2023,78000000,108086731,2004
67022,11000000,56178935,2012
17047,26000000,28703083,2004
1586,40000000,92111551,2004
924,28000000,103452875,2004
38,20000000,72625689,2004
9541,35000000,37066129,2004
11024,25000000,181185387,2004
1487,60000000,99823958,2004
13700,110000000,76482461,2004
11358,56000000,47313824,2004
19084,12000000,31286759,2004
14576,6800000,9533964,2004
89488,4357373,1200000,2014
10096,37000000,97658712,2004
10710,20000000,14566246,2004
11058,30000000,16910708,2004
11141,32000000,29948322,2004
10625,18000000,130953026,2004
11025,40000000,21215882,2004
7131,170000000,300150546,2004
16428,9000000,12512317,2004
652,150000000,484161265,2004
667,9500000,111600000,1967
700,27500000,187500000,1983
36670,36000000,160000000,1983
8075,190000,1577585,2011
140207,21000000,81452811,2011
26372,6500000,20412841,2011
12205,60000000,49473093,2005
34847,6000000,6176114,2008
10949,65000000,26670920,2005
809,70000000,937008132,2004
4599,50000000,49928680,2004
12657,16000000,14553807,2004
13193,5000000,10206551,2004
673,130000000,796688549,2004
16617,27000000,16566235,2005
8920,50000000,208094550,2004
8193,400000,46122713,2004
21544,30000000,133085295,2012
9372,65000,22233808,2004
8341,4000000,5966671,2012
9472,30000000,167791704,2004
8981,4600000,3099369,2005
12153,20000000,111448997,2004
1997,72000000,62176754,2004
15237,15000000,18524496,2004
8991,750000,229250,2005
23378,56200000,203502372,2014
558,200000000,795110670,2004
80,2000000,11217346,2004
9477,90000000,203877963,2004
8699,25000000,89476265,2004
2048,105000000,348629585,2004
436,3200000,14441158,2004
314,100000000,82145379,2004
39269,4600000,731767,2007
14652,20000000,8361736,2004
14623,55000000,28231444,2004
401,2500000,36028802,2004
1538,60000000,217670152,2004
14846,30000000,21758371,2004
2577,7500000,1788324,2004
395,70000000,172543519,2004
10762,30000000,65121280,2004
11026,78000000,43957541,2004
11237,25000000,70326393,2004
11632,23000000,19123851,2004
15644,20000000,16612072,2004
11208,30000000,21577076,2004
31117,20000000,9355369,2004
9759,45000000,61475984,2004
1577,50000000,125168734,2004
16232,30000000,21827296,2004
5137,70000000,49730854,2004
11823,35000000,41666476,2004
13969,30000000,10419084,2004
747,5000000,30332385,2004
62697,4000000,8302995,2007
10555,75000000,371917043,2004
11128,60000000,102332848,2004
1599,22000000,20034713,2004
14024,15000000,14811980,2004
14337,7000,841926,2004
3989,20000000,50948811,2004
13416,30000000,61950770,2004
1435,400000,1162014,2004
18701,18000000,14488705,2004
9675,17000000,109793192,2004
11109,11000000,13353855,2004
176,1200000,103880027,2004
1677,40000000,124823094,2004
10740,20000000,14603001,2004
11184,11000000,13000959,2004
11249,29000000,24716190,2004
10589,57000000,38329114,2004
9801,50000000,263894551,2004
866,25000000,115036108,2004
4251,7000000,7017859,2004
2059,100000000,331323410,2004
1966,155000000,167297191,2004
13673,50000000,96469187,2004
2288,35000000,116177695,2004
9550,12000000,92863945,2004
163,110000000,362989076,2004
36648,65000000,131353165,2004
25502,25000000,12850033,2008
87417,15250000,12930343,2006
22307,30000000,106030660,2015
16246,103300000,232643008,2000
5651,175000000,731542621,2009
179798,50000000,52987754,2009
13995,140000000,370569776,2011
12088,12000000,46730578,1993
28123,85000000,208542162,2012
5470,150000000,194995215,2007
95136,42000000,138708527,2009
844,12000000,19287485,2005
11056,10600000,34409206,2004
2191,1900000,285593,2013
27324,20500000,30241435,2006
10981,4000000,63180,2003
11774,100000000,212956024,2004
23520,95000000,169511609,2010
14527,5800000,421021,2003
670,3000000,6239723,2005
9694,20000000,44513466,2008
2539,75000000,54344321,2004
83,500000,55518641,2004
4836,6500000,11745931,2005
11866,75000000,34009180,2004
12281,500000,1348750,2004
19423,32000000,43603990,2010
291,2600000,3292333,2004
70,30000000,231928227,2004
205,17500000,36521223,2004
118,150000000,475825484,2005
6478,24000000,8292914,2004
1901,26000000,63489752,2004
693,60000000,516567575,2004
15045,45000000,48563556,2004
11804,10000000,92094360,2005
25350,10000000,290875,2004
9947,65000000,56824633,2005
6439,30000000,89955540,2005
7214,45000000,76665507,2005
613,13500000,93631744,2005
11637,20000000,98114471,2005
11096,25000000,123696741,2005
8968,20000000,67192859,2005
11413,10000000,38364855,2006
8953,20000000,10468867,2005
8488,55000000,366784257,2005
13682,20000000,55686944,2005
561,75000000,221594911,2005
10214,100000000,59918422,2005
17880,15000000,33508485,2005
9470,20000000,102034104,2005
37232,1800000,1322161,2005
5204,6400000,8902141,2007
16186,5500000,50458356,2005
10012,35000000,25114901,2005
4551,75000000,94944017,2005
2026,75000000,77636443,2005
9928,80000000,260700012,2005
13374,25000000,25732334,2005
10040,60000000,101382396,2005
11638,35000000,102115888,2005
48463,1400000,56073,2004
187,40000000,158527918,2005
14177,25000000,38351350,2005
3875,26000000,45043870,2009
24363,2000000,466106,2005
27360,25000000,4049527,2005
11679,60000000,71073932,2005
1495,110000000,218853353,2005
43881,1300000,5273000,1936
10913,8000000,446438,2005
4379,45000000,155931301,2005
953,75000000,556559566,2005
14358,500000,9387581,2005
19316,2500000,1269705,2005
921,88000000,105021488,2005
10226,2850000,6435262,2005
12109,2000000,2226603,2005
11620,8250000,30022000,1951
272,150000000,359142722,2005
9709,1700000,4727375,2005
25248,5200000,1695126,2005
11451,50000000,144110682,2005
25312,1700000,661221,2005
9722,80000000,131159306,2005
2287,700000,4857731,2005
1382,2000000,9615464,2005
74,132000000,606836535,2005
7233,45000000,17492014,2005
9738,87500000,333132750,2005
14278,350000,1772979,2005
9522,40000000,283218368,2005
33693,30000,82698,2005
11459,35000000,83109359,2005
10048,138000000,76416746,2005
11648,35000000,58405313,2005
16320,39000000,40319440,2005
1444,1000000,3553253,2005
11453,22000000,45273464,2005
8292,30000000,92494381,2005
15907,12000000,994790,2005
79684,25000000,98406855,2012
11460,26000000,96666486,2005
445,8000000,19891331,2005
17186,30000000,3252550,2005
14175,35000000,64188387,2005
9007,58000000,100687083,2005
1830,42000000,60437727,2005
10092,1000000,15943081,2005
1546,4000000,1919197,2005
8814,70000000,54612337,2005
9923,50000000,22969202,2005
7553,1125000,18673274,2005
9315,55000000,214392904,2005
398,7000000,49924079,2005
14544,10000000,17433072,2005
11968,50000000,41982227,2005
14517,4000000,973613,2005
5236,15000000,16829464,2005
30082,1500000,172569,2005
12612,2000000,105377,2004
142,13900000,177012173,2005
9621,54000000,50719373,2005
9701,30000000,23676771,2005
3291,7000000,56586901,2005
12920,32000000,39498360,2005
2610,7500000,11758418,2005
9729,25000000,1415656,2005
215,5000000,152925093,2005
1951,14200000,543306,2006
81220,500000,7890,2001
25,72000000,96947540,2005
9982,60000000,310043823,2005
12877,1125000,414736,2006
10060,40000000,46666955,2005
231,50000000,92690959,2005
8999,22000000,57520063,2005
9885,1100000,29005064,2005
674,150000000,896911078,2005
69,29000000,187707495,2005
1833,40000000,31670620,2005
7301,500000,602789,2006
116,15000000,87973835,2005
1904,85000000,161510853,2005
612,75000000,131492772,2005
546,1000000,16553163,2006
2800,70000000,88933562,2005
9641,60000000,135015330,2005
10773,20000000,27836366,2005
168705,25000000,3605420,2006
1690,4800000,82241110,2006
9900,5000000,6590172,2006
9918,30000000,42799060,2006
17379,45000000,43343247,2006
10982,17500000,109843390,2006
834,45000000,113417762,2006
7509,3000000,11322573,2006
1969,35000000,19282590,2006
11565,40000000,137047376,2006
11283,25000000,128745578,2006
9286,25000000,112798051,2006
292,3000000,12051924,2006
1651,1600000,2627795,1999
9975,50000000,71052604,2006
9754,50000000,82751189,2006
14256,3500000,113783,2006
9036,40000000,120455994,2006
10073,20000000,85146165,2006
16781,10000000,63320521,2006
24432,20000000,28058652,2006
9920,30000000,30962112,2006
10025,28000000,38159905,2006
2207,45000000,65595141,2006
6877,50000000,128402901,2006
950,75000000,651899282,2006
752,50000000,130214162,2006
9655,25000000,55279608,2006
9388,7500000,40016662,2006
9950,13000000,2898225,2006
388,50000000,185798265,2006
868,3000000,11537539,2006
14191,12000000,22978953,2006
12763,30000000,65390493,2006
186,27000000,55495466,2006
219,9400000,87226613,2006
13751,8000000,18959424,2006
10069,20000000,23187506,2006
3093,70000000,35417162,2006
9270,450000,4243996,2006
30139,3000000,7301115,2006
9389,18000000,2401413,2006
8998,6500000,18110152,2006
18276,15000000,8224998,2006
4257,40000000,178710620,2006
2652,950000,8267066,2006
17111,8000000,47782426,2008
588,50000000,94704227,2006
9310,17000000,16510971,2006
956,150000000,397501348,2006
9829,18000000,77635035,2006
10115,20000000,30399714,2006
7870,8000000,973443,2006
7518,80000000,343397247,2006
503,160000000,181674817,2006
36668,210000000,459260946,2006
13689,10000000,3260179,2006
15013,7000000,463039,2006
21014,5000000,4414753,2006
920,70000000,461651246,2006
9353,32000000,99296462,2006
9339,82500000,237685089,2006
58,225000000,1066215812,2006
1819,54000000,130402010,2006
2295,5000000,27342246,2006
9697,75000000,72785169,2006
4474,30000000,60772856,2006
1887,40000000,60862471,2006
13508,1000000,1849392,2006
9513,60000000,147985373,2006
1452,232000000,374085065,2006
18191,10000000,241719,2006
773,8000000,100642353,2006
1164,20000000,132121212,2006
32740,10000000,32430721,2006
13141,2000000,2077844,2006
35199,500000,3177636,2006
9072,64000000,101636047,2006
14120,10000000,11924041,2006
9297,75000000,141267370,2006
326,33000000,62020814,2006
512,4000000,40103262,2006
9718,73000000,162870525,2006
1593,110000000,579446407,2006
1852,65000000,163295654,2006
1262,30000000,53572822,2006
82,135000000,163818556,2006
1948,12000000,43924923,2006
9762,12000000,110989157,2006
14113,35000000,12506188,2006
15049,8000000,12740705,2006
7859,700000,4911725,2006
9988,17500000,20159316,2006
5072,10000000,5950002,2007
14057,9000000,2548378,2006
13075,2000000,759504,2006
7512,2400000,500296,2006
9766,30000000,41457834,2006
1579,40000000,121032272,2006
9664,60000000,14816379,2006
12094,11000000,85278712,2006
15624,450000,1297745,2006
7510,12000000,8706701,2006
9672,13000000,2613717,2006
15005,20000000,13725032,2006
39183,1000000,215559,2006
10070,3200000,690872,2006
1440,14000000,14121177,2006
18925,100000,10243159,2006
9693,76000000,69845011,2006
3683,53000000,63657941,2006
14012,15000000,21896367,2006
214,10000000,163876815,2006
1123,14000000,5782198,2006
11619,149000000,179357126,2006
1427,63700000,133603463,2006
9836,85000000,385000317,2006
10741,14000000,20597806,2006
9969,51000000,46815807,2006
7873,2000000,6225304,2006
14823,825000,610776,2009
9796,10000000,14321070,2006
1372,100000000,171377916,2006
18147,25000000,21970831,2006
2486,100000000,249488115,2006
1246,24000000,156229050,2006
18615,16800000,2281089,2006
1125,75000000,155708695,2006
1646,21000000,43632609,2007
1259,27500000,50578411,2006
9053,30000000,7755686,2007
1251,13000000,67867998,2006
5393,47000000,37923818,2007
1931,14000000,75525718,2007
13967,30000000,35891257,2006
19344,1000000,5382,2006
26518,300000,399908,2006
13771,6000000,7818479,2006
1265,25000000,137984788,2007
10758,1500000,22217183,2007
7516,17000000,57263440,2007
10075,15000000,6551310,2007
9760,20000000,86858578,2007
1257,39000000,69538833,2007
1248,50000000,80583311,2007
2062,150000000,626549695,2007
9828,3700000,3355048,2006
1250,120000000,229545589,2007
11172,40000000,146300356,2007
10090,10000000,21851362,2007
7874,15000000,10951153,2007
4638,16000000,81742618,2007
1949,85000000,83080084,2007
7006,10000000,8243567,2008
11199,60000000,253555383,2007
1271,60000000,454161935,2007
2977,16500000,39380876,2007
14434,14000000,13205411,2007
9963,20000000,81461343,2007
14001,20000000,20614661,2007
2355,20000000,20081987,2007
7485,60000000,95538560,2007
4657,10800000,2862544,2007
9955,61000000,145594548,2007
1590,11000000,6586324,2006
8271,20000000,118537627,2007
13067,10500000,14140402,2007
1268,25000000,234981342,2007
559,258000000,894860230,2007
1950,55000000,6521829,2007
13569,2400000,1420418,2007
11798,2380000,8739576,2007
4964,27500000,219265952,2007
1562,15000000,64232714,2007
13159,20000000,20819601,2007
810,160000000,807330936,2007
5723,150000,23344056,2007
285,300000000,963420425,2007
15568,9000000,3922043,2007
3489,30000000,32955399,2008
298,85000000,311744465,2007
37959,6500000,28383441,1999
18206,1000000,844377,2007
1691,7500000,33606409,2007
9408,100000000,145395745,2007
14043,20000000,30703845,2007
10288,8000000,456814,2007
9952,10000000,7037886,2007
2359,9000000,36535837,2007
3021,22500000,131263370,2007
2196,20000000,46790428,2007
1571,110000000,382288147,2007
2959,35000000,70187088,2007
6022,30000000,12885574,2007
2698,175000000,174131329,2007
1858,151000000,708272592,2007
675,150000000,942943935,2007
4688,45000000,29367143,2007
10074,25000000,14334401,2007
2270,70000000,137022245,2007
3638,28000000,91943956,2007
8669,12000000,5295909,2008
8141,4000000,3858964,2007
31777,40000000,59795070,2010
25360,195000000,197687603,2013
8363,17500000,169955142,2007
13074,13000000,3260555,2007
21494,21600000,791154,2007
5174,180000000,256585882,2007
10760,16500000,13636339,2007
14144,6000000,18209872,2007
10431,25000000,40686409,2007
11835,20000000,16907831,2007
2335,17500000,60865364,2007
4347,30000000,129779728,2007
6973,23000000,24489150,2007
7913,5300000,29197694,2006
2252,50000000,56077088,2007
7737,45000000,146162920,2007
10030,25000000,59183821,2007
5915,20000000,56822960,2007
2001,28000000,55307857,2007
4517,55000000,74870866,2007
4566,21500000,92987651,2007
6615,12500000,11277119,2007
4513,30000000,80276156,2007
5125,27500000,26939925,2007
3877,16000000,8120148,2007
4771,19000000,34352162,2007
2011,7300000,25397460,2007
663,10000000,135759694,2007
5718,10000000,1165102,2007
5126,27000000,9352089,2007
18442,5000000,96760,2004
4982,100000000,267985456,2007
5559,150000000,287594577,2007
6977,25000000,164051250,2007
4953,20000000,30894247,2008
5123,25000000,66015869,2007
4515,35000000,63211088,2007
6639,45000000,31077418,2007
4723,17000000,364607,2007
4523,85000000,340384141,2007
1620,17500000,99135571,2007
15250,13000000,49733545,2007
13483,8600000,32968648,2007
6479,150000000,585532684,2007
6477,55000000,362605033,2007
7326,7000000,231450102,2007
1874,30000000,2717302,2007
1989,10000000,22198996,2008
11600,5000000,861325,2007
13198,1000000,473769,2007
7345,25000000,77208711,2007
6538,75000000,119512771,2007
440,40000000,128884494,2007
6575,35000000,20606053,2007
6557,30000000,160247805,2008
107282,45000000,80594860,2012
10253,32000000,79915361,2007
44434,11000000,10431506,2012
8329,2100000,23266821,2009
2312,60000000,13233220,2008
7191,25000000,171302226,2008
12085,22000000,25044057,2008
4170,12000000,1513388,2007
11908,1500000,240396,2007
15017,10000000,1537479,2007
8875,2600000,71248,2007
8090,35000000,52649951,2008
7555,47500000,112214531,2008
16988,17000000,8607815,2008
7278,30000000,84646831,2008
14220,20000000,6947084,2008
13160,10000000,21596074,2008
8321,15000000,34533783,2008
13121,2000000,2350641,2008
13490,27500000,43607627,2008
8676,72500000,109362966,2008
37003,15000000,26170402,2008
8247,82500000,222640812,2008
8390,7000000,55617866,2008
7461,40000000,150886329,2008
8328,17500000,148586910,2008
13260,55000000,43980363,2008
7942,10000000,33512260,2008
13362,1000000,304472,2008
13460,33000000,21621188,2008
12222,85000000,299477886,2008
13025,2750000,5394447,2008
8944,27000000,2412123,2008
14054,1500000,414404,2008
8060,12000000,2975188,2008
78307,250000,237816,2005
8456,21000000,39319801,2008
13688,20000000,47300771,2008
8457,40000000,49686263,2008
13495,28000000,22860477,2007
8065,35000000,159846429,2008
4942,58000000,41348628,2008
11483,40000000,6341825,1986
8988,25000000,11229035,2008
7944,1000000,16173879,2008
10488,37000000,101857425,2008
9870,30000000,105173042,2008
11918,35000000,73026302,2008
1266,20000000,65454793,2008
7459,120000000,93394462,2008
14324,38000000,5473041,2008
13007,2500000,13881317,2008
8780,30000000,64170447,2008
1726,186000000,585171547,2008
10761,40000000,106548738,2008
12400,7000000,2667084,2008
8681,25000000,226941585,2009
9029,35000000,218535708,2008
12586,3300000,12405473,2007
13191,10000000,1299855,2008
217,185000000,786558145,2008
44260,6000000,26007,2007
4564,57500000,415247258,2008
10822,4600000,968805,2008
9022,750000,1960521,2013
9502,130000000,631910531,2008
8909,75000000,342416460,2008
8960,150000000,624234272,2008
11665,80000000,226739416,2008
21074,2500000,3838486,2008
10748,11400000,29830239,2009
8847,5000000,332120,2008
11631,52000000,615748877,2008
11260,60000000,50648806,2008
6687,15000000,6379575,2008
11802,37000000,67029956,2008
13183,138000000,184068357,2009
12247,250000,284174,2007
12133,65000000,128468793,2008
13259,5000000,989319,2008
14048,1900000,5617067,2008
12192,8000000,3270974,2008
10187,21000000,17589867,2008
10183,1000000,6030129,2008
13996,5000000,4815890,2008
5038,16000000,104504817,2008
10189,26000000,102404019,2008
12289,40000000,119627047,2009
7446,90000000,191091250,2008
12180,8500000,68695443,2008
8885,2000000,13912289,2008
12621,9000000,4934104,2008
10483,65000000,72516819,2008
13515,35000000,77220596,2008
13956,25000000,43530281,2008
4944,37000000,168167798,2008
13805,20000000,36720752,2008
9381,45000000,70216497,2008
13291,22000000,27882226,2008
13389,60000000,78481410,2008
13279,20000000,44821299,2008
12797,20000000,29843245,2008
12690,20000000,27911453,2008
12412,45000000,9676497,2008
13027,80000000,178066569,2008
12182,10000000,33886017,2008
14976,12000000,17475475,2008
12113,67500000,118556530,2008
13600,38000000,17830244,2008
13051,35000000,85761789,2008
10358,24000000,36856306,2008
10523,25100000,28575778,2008
13596,20000000,34787111,2008
4960,20000000,4383538,2008
14914,20000000,4504111,2008
13812,12000000,41924774,2008
13150,30000000,43440721,2008
13809,18000000,27794339,2008
11887,11000000,274392880,2008
10527,150000000,599516844,2008
12405,14000000,384519665,2008
10764,230000000,591692078,2008
15373,28000000,94500826,2008
11917,10800000,118209778,2008
13523,19000000,10412485,2008
14655,40000000,12345883,2008
14405,20000000,154218168,2008
6972,130000000,215080810,2008
13053,150000000,328015029,2008
10139,20000000,57293371,2008
12193,80000000,168311558,2008
10900,3500000,1396395,2009
14438,500000,33473297,2008
14248,22000000,31013349,2008
14299,12000000,8942516,2008
13056,35000000,10157534,2008
14359,20000000,53191101,2008
13223,25000000,274543085,2008
11321,54000000,166617328,2008
10201,50000000,225990976,2008
2253,90000000,203902107,2008
10202,80000000,221468935,2008
13973,3400000,4124277,2008
4148,45000000,79564960,2008
17287,450000,22623,2008
8942,300000,1416046,2008
10521,30000000,115150424,2009
2309,60000000,66655938,2009
14560,26000000,185904750,2009
13429,750000,814801,2009
14353,8500000,198883,2008
10529,50000000,1250617,2009
14582,20000000,4453327,2008
13510,2000000,4294373,2008
14836,60000000,126037057,2009
13455,38000000,44411527,2009
10362,12000000,16349034,2009
10184,40000000,181053657,2009
15189,35000000,122213085,2009
7353,8000000,3587191,2011
20829,72500000,71880305,2009
15268,50000000,11895722,2009
19255,21000000,10108016,2009
16538,40000000,91729503,2009
16558,60000000,81079566,2009
13811,50000000,186450317,2009
16353,15000000,7583050,2009
13090,5000000,17329337,2009
15512,175000000,381687380,2009
16991,18000000,27148898,2009
16614,9800000,17553055,2009
14164,30000000,58228460,2009
16996,40000000,139474906,2009
16869,70000000,316915264,2009
16995,60000000,88832210,2009
17431,5000000,10676073,2009
2080,150000000,374825760,2009
13475,140000000,385680446,2009
534,200000000,365491792,2009
18360,150000000,402231063,2009
18238,2000000,3620902,2009
16871,30000000,91388487,2009
21724,25000000,32092761,2009
17927,20000000,18608570,2009
13856,1000000,26822,2008
14536,8000000,29937909,2009
14451,800000,2194020,2009
18162,100000000,69548641,2009
15073,4200000,313230,2011
17610,60000000,57604723,2009
8373,210000000,836519699,2009
62320,500000,44793168,2009
19265,15000000,35106706,2009
11322,102500000,212282709,2009
8355,90000000,859701857,2009
10024,27500000,96673002,2009
14758,200000,52443,2008
767,250000000,935083686,2009
21208,20000000,78769428,2009
20856,45000000,59551283,2009
17654,30000000,212453431,2009
17335,20000000,73964713,2009
13836,50000000,105103783,2009
17134,20000000,17306648,2009
22051,3200000,2828590,2009
19556,6000000,4713059,2009
23367,20000000,12967829,2009
19840,18000000,16382538,2009
19585,150000000,292817841,2009
8895,4000000,384244,2009
18533,230000,2703762,2009
25704,15000000,6561243,2009
23049,17000000,20465206,2009
26320,29000000,10066366,2009
12244,30000000,48559999,2009
19898,40000000,17033431,2009
19994,16000000,31943401,2009
12569,7500000,10849158,2009
18501,50000000,42002029,2009
22794,100000000,236827677,2009
18570,1000000,4731944,2009
25643,18000000,36133014,2009
29963,8500000,17220091,2009
23827,450000,194183034,2009
20178,10000000,295750,2009
22074,20000000,19121531,2009
28053,6000000,8173486,2010
22798,15000000,18856151,2009
18065,3000000,10172519,2009
19908,23600000,102236596,2009
26688,12500000,26735797,2009
22787,35000000,12254746,2009
19899,60000000,172450423,2009
23706,15000000,40127259,2009
17622,10000000,997921,2009
16523,100000000,99123656,2009
25132,20000000,29870801,2009
22803,53000000,131159781,2009
8915,40000000,19756077,2009
22947,30000000,166842739,2009
22804,11000000,69752402,2009
14968,8000000,48000000,2005
16577,65000000,41636243,2009
22820,9500000,118482,2009
10315,40000000,47085064,2009
14834,5000000,10732909,2009
14161,200000000,788408539,2009
70805,450000,450349,1997
22832,50000000,62209892,2009
20764,2500000,108907,2009
22949,35000000,95104304,2009
16866,60000000,108996113,2009
22954,60000000,124514011,2009
4597,20000000,23661038,2009
24438,58000000,80480566,2009
25968,9000000,2243,2012
19995,425000000,2783918982,2009
10197,80000000,53508858,2009
22897,85000000,224614744,2009
10528,90000000,498438212,2009
25196,8500000,47417251,2009
23398,70000000,443483213,2009
94727,150000000,639537208,2016
23963,1500000,31916,2009
22327,18000000,19685588,2010
19901,20000000,51445503,2010
25195,19000000,32618920,2010
31175,4900000,23347469,2010
33511,1900000,7785229,2010
22894,26000000,67647574,2010
27569,31000000,15826984,2010
12201,60000000,82812456,2010
8952,13000000,23014027,2010
24469,3000000,5922292,2010
32856,52000000,217569328,2010
11324,80000000,299461782,2010
38448,12000000,557545,2010
23742,37000000,55909910,2010
30128,7000000,1429453,2009
26428,70000000,38992292,2010
22805,10000000,723388,2009
22971,25000000,142033509,2010
23023,48000000,112610386,2010
26022,8470000,42355526,2010
22972,100000000,97523020,2010
24424,1000000,2721096,2010
26389,52000000,53139168,2010
26390,17000000,39233233,2010
34016,20000000,48680977,2010
25941,7300000,12023606,2010
23169,16000000,56506120,2010
34563,14000000,21410546,2010
12834,9000000,85527,2010
31867,32000000,18195238,2010
28355,27000000,28773827,2010
36970,80000000,86787530,2010
23048,36000000,65967750,2010
28211,13000000,11831131,2010
10191,165000000,494870991,2010
15544,1200000,81338,2008
27936,42000000,11756922,2010
23483,28000000,97531134,2010
35056,55000000,152269033,2010
37861,5700000,731613,2010
33217,15000000,76954311,2010
41110,10000000,15132211,2010
38810,323000,1373407,2010
39053,7000000,10062896,2010
10138,170000000,621156389,2010
38579,50000000,89895930,2010
37931,10000000,8629895,2010
37495,3750000,2436111,2010
35169,35000000,39340177,2010
18516,10000000,90909,2009
46705,1000000,16566240,2010
37821,75000000,95572749,2010
26388,1987650,21270290,2010
40247,3000000,4570178,2010
37786,95000000,294680778,2010
32823,40000000,91455875,2010
37707,30000000,26857459,2010
37056,30000000,82148538,2010
20533,47000000,11022696,2010
10193,200000000,1069818229,2010
39013,2000000,16131551,2010
10192,165000000,756244673,2010
34647,16000000,1467278,2010
20352,69000000,543495033,2010
27205,160000000,832402082,2010
38365,75000000,272223430,2010
37834,117000000,258751370,2010
27576,130000000,290650494,2010
38778,69000000,86796502,2010
35019,35000000,97799865,2010
38843,15000000,27469621,2010
37950,44000000,48478084,2010
42008,30000000,51078541,2013
22538,85000000,48056764,2010
44629,4200000,8078683,2010
23759,15000000,7885048,2010
43593,24000000,83660160,2010
44718,7000000,10828305,2010
23631,12500000,46370970,2010
41233,30000000,165889117,2010
40264,20000000,81424988,2010
35791,57500000,295874190,2010
37735,8000000,76200721,2010
38167,60000000,206598789,2010
43949,14000000,4289993,2010
41216,100000000,139716717,2010
43923,8000000,6632950,2010
41402,20000000,28270399,2010
39486,35000000,60376247,2010
44040,10000000,63354114,2010
38303,20000000,32838945,2010
38408,38000000,105887837,2010
38031,15000000,34247816,2010
44113,22000000,4065020,2010
44639,2000000,7799257,2010
43933,500000,5639730,2010
45094,12500000,11826980,2010
38415,6750000,6812530,2010
42188,15000000,11173718,2010
45649,500000,680914,2011
16290,20000000,171685793,2010
43931,25000000,16727470,2010
41436,3000000,177512032,2010
44603,50000000,105246941,2010
41733,65000000,211739043,2010
44115,18000000,60217171,2010
38055,130000000,321887208,2010
44214,13000000,331266710,2010
39210,7000000,17023121,2010
44147,8000000,5314194,2010
43434,18000000,157002,2010
45958,35000000,24687524,2011
38757,260000000,586581936,2010
45324,12500000,2272186,2010
42684,10000000,78693371,2010
38117,17000000,38028230,2011
47607,50000,424149,2010
46503,20000000,873617,2010
20526,200000000,400062763,2010
44009,8000000,20005613,2010
42888,120000000,49628177,2010
46829,30000000,8845575,2011
37080,7000000,6537179,2010
27585,5000000,6205034,2010
39451,100000000,310650574,2010
33870,18000000,25941437,2010
42297,55000000,90552675,2010
46838,5000000,5476793,2011
41515,80000000,204774690,2010
46138,8000000,15644196,2010
23047,40000000,91126600,2011
47610,110000000,695941797,2013
105067,20000000,39686769,2011
51876,27000000,155564919,2011
31007,10000000,355919,2010
38033,3000000,1022453,2010
41630,25000000,149228078,2011
45272,15000000,20601987,2010
48340,30000000,104283753,2011
52067,10000000,7862131,2011
39513,40000000,101162106,2011
14538,20000000,22139590,2010
47327,50000000,41042583,2011
44896,135000000,245504574,2011
50725,19000000,7576604,2011
48988,68000000,87173475,2011
46529,50000000,146195159,2011
44943,70000000,213463976,2011
50321,150000000,39549758,2011
50546,80000000,214974953,2011
49730,42000000,91678442,2011
38322,32000000,82332450,2011
45132,2500000,593933,2011
45612,32000000,140428499,2011
43418,9000000,3440939,2014
57120,2000000,1869928,2011
49010,3000000,834953,2011
60307,18000000,73695194,2011
50359,63000000,188657593,2011
89756,2000000,2791973,2015
50456,30000000,65343694,2011
41446,40000000,95989590,2011
46195,90000000,487519809,2011
62215,9400000,21817298,2011
10195,150000000,449326618,2011
55787,38000000,116809717,2011
52032,350000,310891,2010
62255,6500000,3149,2011
51497,125000000,629969804,2011
46738,6800000,16038343,2010
43959,18000000,47158652,2011
49022,35000000,65084116,2011
55721,32500000,289527030,2011
46849,2500000,72260,2007
1865,410600000,1045663875,2011
59436,30000000,162827388,2011
59678,13000000,6459183,2011
49444,150000000,664837547,2011
49538,160000000,355408305,2011
49020,1900000,4581937,2011
45658,5000000,2821010,2011
55347,3200000,14314407,2011
37686,50000000,257972745,2011
19963,6000000,10106975,2012
44912,200000000,219535492,2011
58224,55000000,189624452,2011
52449,19000000,215448997,2011
35688,20000000,60831067,2010
38356,195000000,1123790543,2011
59861,30000000,61449135,2011
38319,50000000,26121638,2011
22907,32000000,70587268,2010
38317,80000000,170805525,2011
51540,35000000,212417601,2011
49013,200000000,560155383,2011
64690,15000000,78054825,2011
58882,6000000,11348205,2011
1771,140000000,370569776,2011
50646,50000000,147142328,2011
51828,15000000,59168692,2011
27588,1300000,13465,2011
66942,2900000,25935,2011
51162,30000000,50145607,2011
28480,18000000,1199510,2013
43935,20000000,6093725,2011
50544,35000000,146595891,2011
12819,20000000,48958353,2010
33927,6000000,1673635,2012
59968,5000000,25861249,2011
78381,7000000,1268346,2012
62206,28000000,40966716,2011
55779,40000000,155011165,2011
51384,5000000,282687,2010
46261,25000000,39126427,2011
55420,175000,2102779,2011
52015,4000000,679482,2011
62835,40000000,72295262,2011
43942,2900000,172867,2010
51588,8000000,10763183,2011
39845,25000000,146149,2010
48572,4000000,1983596,2011
55720,10000000,1884251,2011
70868,24000000,24474463,2011
39538,60000000,137551594,2011
60308,50000000,111300835,2011
30867,500000,77121,2009
38543,25000000,5297411,2011
59440,25000000,24215385,2011
74725,800000,462206,2012
49021,70000000,65409046,2011
40807,8000000,41334735,2011
60421,900000,958978,2011
64720,4750000,4972016,2011
39254,110000000,263880341,2011
50837,1000000,5438911,2011
71859,7000000,10765283,2012
49530,35000000,165103952,2011
44754,14000000,623292,2011
50839,3400000,20433227,2011
72571,5000000,202053386,2011
71157,8900000,22744132,2012
58233,45000000,164539660,2011
59965,35000000,86648359,2011
63492,20000000,30163785,2011
69668,50000000,41642166,2011
45610,30000000,3721988,2011
59108,85000000,150422946,2011
88794,35000000,84606030,2011
40658,640000,14812,2009
44826,180000000,180047784,2011
50875,1800000,842693,2011
37958,75000000,211562435,2011
71880,79000000,150519217,2011
60422,4000000,978527,2011
93560,125000000,238317814,1997
60420,250000,3731489,2011
57212,70000000,156815529,2011
75900,10000000,34240572,2011
38407,50000000,15505922,2012
53457,14500000,25480031,2011
51052,85000000,149717124,2011
70074,55000000,22597969,2013
58574,125000000,535663443,2011
101173,10000000,1049641,2012
57157,12000000,22750356,2011
62838,26000000,146850273,2011
56292,145000000,694713230,2011
74465,50000000,118729073,2011
55301,80000000,349088523,2011
73873,7500000,8539003,2011
79777,13000000,509193,2011
63574,27500000,31157914,2012
62837,37000000,96068724,2011
70435,23000000,36374700,2012
50357,5000000,26517819,2011
72431,58000000,50365498,2012
54054,42000000,36197221,2012
78698,40000000,25268680,2012
50698,2000000,2151887,2011
76726,12000000,123681790,2012
92670,46500000,16152151,2016
84200,850000,1386088,2012
16564,5800000,9662214,2011
71676,57000000,149217355,2012
83860,1000000,5391992,2012
72213,2000000,35185884,2011
75674,12000000,82497035,2012
59962,65000000,156974557,2012
64688,42000000,202812429,2012
82532,10000000,4708127,2012
81796,20000000,33943049,2012
80304,6000000,8446952,2012
82533,3000000,1324299,2012
57165,150000000,305270083,2012
74777,70000,8555,2013
71552,50000000,236799211,2012
92182,2000000,16610760,2012
62764,85000000,173613482,2012
44833,209000000,305218228,2012
67660,12000000,113373764,2012
66125,9100000,20927794,2011
62213,150000000,238202668,2012
26815,1070000,5348767,2009
41154,215000000,654213485,2012
58595,170000000,401021746,2012
86812,135000,429448,2012
93856,1000000,42411721,2012
70981,125000000,402448265,2012
35691,3000000,3237452,2010
50647,32500000,24159934,2012
83666,16000000,68582095,2012
45054,36000000,4020990,2011
50601,12000000,87793,2011
84332,750000,4422318,2012
68818,4500000,1217307,2011
62177,185000000,554606532,2012
81836,21500000,74326015,2012
72331,67500000,137489730,2012
80585,70000000,61031932,2012
88005,10000000,11766959,2012
72105,50000000,556016627,2012
77930,7000000,170549753,2012
83770,25000000,9313302,2012
86985,2600000,15298355,2014
57800,95000000,879765137,2012
84175,1800000,23265132,2012
98548,16000000,12519804,2012
66025,1500000,372239,2011
73567,10000000,4659110,2012
37724,200000000,1110526981,2012
77174,60000000,108119662,2012
82650,22000000,77229695,2012
49526,35000000,31393201,2012
84174,3000000,12577401,2012
114150,17000000,116044347,2012
59967,30000000,170466405,2012
84188,270000,830700,2012
87428,57500000,58085235,2012
71679,65000000,238940997,2012
87825,60000000,47818913,2012
49049,45000000,41467606,2012
60599,12000000,35830713,2012
77016,15000000,57586606,2012
103328,4000000,4230426,2012
82675,45000000,377807404,2012
82505,6900000,44103982,2012
97365,19500000,29393634,2012
101267,12000000,32700439,2012
57230,26000000,34246770,2015
62214,39000000,81150788,2012
82507,3000000,87727807,2012
76492,85000000,378505812,2012
68734,44500000,227140757,2012
86838,13500000,33035736,2012
82990,5000000,140619520,2012
94348,35000000,35426759,2012
83542,102000000,130673154,2012
61012,20000000,55975672,2012
82684,20000000,8300821,2012
87826,42000000,73239258,2012
64689,15000000,39238443,2012
82690,165000000,496511521,2012
82693,21000000,236412453,2012
87502,31000000,160558438,2012
87827,120000000,607987022,2012
82631,19000000,5745503,2012
86837,9700000,36787044,2012
72976,65000000,273346281,2012
73935,16000000,94812,2012
81188,145000000,306900902,2012
85446,33000000,165552290,2012
62720,1000000,15943081,2005
127501,4600000,36751984,2012
97630,52500000,134612435,2012
125490,3100000,123407,2013
82654,30000000,115121608,2013
75780,60000000,217370736,2012
68718,100000000,449948323,2012
89492,35000000,90221182,2012
94352,25000000,28012862,2012
235271,5000000,17499242,2014
88042,25000000,120832383,2012
143247,40000000,457507776,2014
76617,20000000,47666013,2013
132232,15000000,148095566,2013
98357,35000000,34480045,2013
87818,10000000,31164747,2012
119283,35000000,48543388,2013
58244,50000000,26387039,2012
90369,500000,2141436,2012
109431,35000000,175361578,2013
112949,28000000,94050951,2013
68179,40000000,74156610,2013
132344,3000000,23251930,2013
37984,13000000,34916128,2016
145135,3500000,27704111,2013
81005,195000000,197687603,2013
86825,12000000,12034913,2013
68728,200000000,490359051,2013
102362,30000000,19599974,2013
122081,5000000,31149251,2013
117263,70000000,150562164,2013
144340,13000000,18733666,2013
109410,40000000,97470701,2013
4258,20000000,78613981,2013
84204,5300000,440821,2012
109414,32000000,126539117,2013
68721,200000000,1215392272,2013
103731,10000000,31556959,2013
54138,190000000,467381584,2013
77987,4800000,4494560,2013
116711,100000000,262794441,2013
121986,3000000,11267511,2013
82700,130000000,251499665,2013
75656,75000000,342769200,2013
49521,225000000,667999518,2013
159014,1000000,5892466,2013
62211,200000000,743588329,2013
68726,190000000,411002906,2013
72190,190000000,531514650,2013
68724,120000000,286192091,2013
93456,76000000,975216835,2013
117251,150000000,205440387,2013
136418,23000000,13593473,2013
157354,900000,17549645,2013
49524,130000000,79076678,2013
77950,135000000,286896578,2013
172533,500000,407100,2013
146216,84000000,137162560,2013
136400,61000000,132493015,2013
89325,12000000,1200346,2012
160588,18000000,102912961,2013
76285,90000000,200859554,2013
138832,37000000,267816276,2013
109418,80000000,247023808,2013
59859,28000000,63129909,2013
87421,38000000,94763758,2013
151960,50000000,238059569,2013
115348,40000000,16173593,2013
115782,18000000,43402515,2013
152748,5000000,1075009,2013
122906,12000000,89309178,2013
211954,5000000,100486616,2013
164558,10000000,68541786,2013
146227,18000000,11813989,2013
146233,46000000,113402302,2013
164457,22000000,15434375,2013
91586,5000000,161921515,2013
129670,12000000,24761360,2013
209263,8000000,25621449,2013
138697,5500000,41268579,2013
133931,20000000,34454631,2012
193613,18000000,9082906,2013
146238,30000000,60512680,2013
109451,78000000,274392649,2013
109424,55000000,220648184,2013
106747,20000000,18273009,2013
175528,8500000,22885836,2013
115210,2000000,63555,2012
107846,70000000,103735965,2013
38093,12000000,21867665,2010
76203,20000000,181025343,2013
152747,8500000,10386814,2013
80274,110000000,127983283,2013
76338,150000000,644602516,2013
152532,5000000,60611845,2013
175574,55000000,110387072,2012
19644,8500000,30298347,2004
137093,28000000,112914167,2013
205220,12000000,98963392,2013
209274,2600000,15298355,2014
64686,175000000,151716815,2013
146239,22000000,70536870,2013
86829,11000000,32943247,2013
204082,22000000,51695362,2013
192136,35000000,29890402,2013
152737,25000000,50738810,2013
168672,40000000,257878294,2013
152601,23000000,48518793,2014
193756,40000000,149804632,2013
140823,35000000,114962525,2013
110415,40000000,88069880,2013
39055,10000000,721108,2009
82679,14000000,11166615,2012
64807,40000000,69807260,2013
227348,5000000,87251115,2014
168530,25000000,153733800,2014
137094,60000000,131377412,2014
157350,85000000,276014965,2014
79316,7000000,36146087,2014
185008,8300000,50827466,2013
207769,950000,78122,2014
100241,65000000,74575290,2014
130150,18000000,14189810,2014
15359,150000000,817012815,2017
137321,60000000,22468620,2014
225565,8000000,53068955,2014
157336,165000000,667752422,2014
192102,28000000,38959900,2014
225574,50000000,222383055,2014
53182,110000000,330780051,2014
248774,1000000,3324070,2014
136797,66000000,194169619,2014
177494,6000000,3485383,2014
209403,10000000,7843145,2014
235260,22000000,70949793,2014
192577,30000000,143490,2013
100402,170000000,714401889,2014
86834,130000000,352831065,2014
145220,55000000,79312301,2014
192134,7000000,1857458,2013
200505,25000000,29847480,2014
157547,5000000,44115496,2014
249660,1150000,63777092,2014
172385,130000000,492846291,2014
157353,100000000,103039258,2014
236751,12000000,100919111,2014
254473,28000000,73421224,2014
76649,80000000,108469033,2014
186935,1000000,552614,2013
36465,50000000,150429371,2014
252680,5000000,10537341,2014
127585,200000000,747862775,2014
188166,420000,435168,2014
192132,1000000,1156309,2014
232672,45000000,127990741,2014
198277,8000000,68838736,2014
102651,180000000,758536735,2014
137113,178000000,370541256,2014
177677,150000000,700868363,2015
198185,25000000,39217912,2014
192133,5000000,927074,2014
175541,17500000,7285135,2013
187017,50000000,331333876,2014
82702,145000000,614586270,2014
194662,18000000,103215094,2014
85350,4000000,57273049,2014
209451,40000000,65282732,2014
91314,210000000,1104039076,2014
180296,3000000,82780,2014
226486,20000000,96407655,2014
244786,3300000,33474334,2014
210577,61000000,368567189,2014
119450,170000000,710644566,2014
253235,18000000,17762041,2014
225886,40000000,126069509,2014
244267,1000000,852399,2014
118340,170000000,771051335,2014
37737,9200000,17155193,2010
231576,6000000,6591365,2014
238603,13000000,42174545,2014
239566,30000000,33339868,2014
253306,1500000,236863,2014
76757,179000000,181982519,2015
193893,17000000,136890774,2014
189,65000000,39499349,2014
249164,11000000,78356170,2014
256274,5000000,41824066,2014
204922,22000000,19563579,2014
239678,20000000,41296320,2014
190859,58000000,547326372,2014
246403,3000000,1857688,2014
250546,6500000,256862920,2014
286554,1600000,868081,2014
49017,70000000,220241723,2014
262543,15000000,6775458,2014
245891,30000000,76235001,2014
208869,10000000,552641,2014
215211,30000000,25199891,2014
239563,13000000,54837234,2014
218778,28000000,101379287,2014
242582,8500000,50334418,2014
177572,165000000,652127828,2014
264660,13000000,38976797,2015
245700,14000000,25187026,2014
53406,20000000,3727746,2015
44092,14000000,11354230,2012
77951,80000000,130580730,2013
145762,35000000,165103952,2011
171274,20000000,14772346,2014
244403,5000000,567219,2014
222649,10000000,3168858,2014
147441,140000000,268314513,2014
100042,40000000,156553592,2014
227735,36000000,57824533,2014
232679,15000000,30138912,2014
205775,100000000,90420758,2015
135397,215000000,1671640593,2015
227159,40000000,105945357,2014
270946,132000000,367650911,2014
284293,5000000,41699612,2015
116149,55000000,259541430,2014
294254,61000000,310697192,2015
11616,2450000,182358,2011
42057,10000000,1642939,2010
245916,5000000,6656705,2014
273895,20000000,66776908,2015
227306,65000000,163527824,2014
172391,15000000,20898221,2013
265177,4900000,17561100,2014
228970,15000000,52501541,2014
284296,12000000,25514848,2014
87093,10000000,27317872,2014
207703,94000000,404561724,2015
181533,127000000,356546621,2014
68737,95000000,110623265,2015
116977,45000000,73706,2012
198184,49000000,105002056,2015
260346,48000000,327656424,2015
201088,70000000,19548419,2015
87101,155000000,440160956,2015
84197,1250000,2940411,2013
54518,13000000,99034125,2011
181330,2500000,32327255,2013
72359,15000000,9307166,2013
270303,2000000,23250755,2015
91979,20000000,12967829,2009
76341,150000000,370742166,2015
280092,10000000,120678444,2015
140607,306000000,2058662225,2015
68735,160000000,433125655,2016
99861,330600000,1408218722,2015
166426,230000000,784610092,2017
141052,300000000,279049710,2017
102899,130000000,519338048,2015
293660,58000000,801029249,2016
284053,180000000,737573350,2017
283995,200000000,860477263,2017
271110,250000000,1153304495,2016
246655,178000000,542742489,2016
45441,15000000,78054825,2011
210860,60000000,30396134,2015
216015,40000000,570998101,2015
87506,150000000,151550856,2015
227719,12000000,32909437,2015
167073,11000000,62076141,2015
308639,7000000,18190831,2015
308369,8000000,9266180,2015
124524,10000000,30629507,2016
265208,30000000,929157,2015
286565,12000000,85512300,2015
201085,55000000,75466595,2015
243938,14000000,12452601,2015
245025,7000000,1732228,2015
234212,3000000,4668109,2015
228203,17000000,45707924,2015
239573,35000000,12819501,2015
91908,25000000,82991460,2017
241554,50000000,66961644,2015
252512,10000000,13423176,2015
262500,110000000,295279072,2015
245703,18000000,7680250,2016
255343,17000000,1973945,2015
108723,80000000,241200000,1997
168259,190000000,1516748684,2015
277685,1000000,62561449,2015
327029,120000000,140845191,2017
181283,50000000,3434330,2015
257091,40000000,106511453,2015
130798,1300000,13465,2011
304357,11000000,56758138,2015
158852,170000000,207283457,2015
256961,38000000,107597242,2015
281778,20000000,774905,2015
21461,2700000,31517561,2006
256924,10000000,7501132,2015
250349,10000000,173613,2014
254128,110000000,467151160,2015
241257,20000000,14883495,2015
249070,35000000,81967450,2015
275601,18000000,41148679,2015
254470,29000000,287130801,2015
245846,10000000,161097,2015
287424,4500000,597989,2015
291854,2000000,6049171,2014
286217,108000000,663851905,2015
151693,8000000,7315248,2016
238713,65000000,233125712,2015
271718,35000000,140949327,2015
222936,37000000,24935799,2015
244783,6000000,437089,2015
132316,9200000,5806666,2012
188222,30000000,46225326,2015
257344,90000000,244126300,2015
262504,110000000,171484051,2016
259316,180000000,803798342,2016
256962,20000000,17684355,2015
309425,2300000,14305540,2015
287903,15000000,61788393,2015
297761,175000000,746100054,2016
47933,165000000,387644286,2016
188927,185000000,336398312,2016
214756,68000000,217022588,2015
211672,74000000,1167245366,2015
15162,170000000,277442381,2016
261023,53000000,98837872,2015
206647,300000000,879620923,2015
74510,750000,7712436,2011
296099,31000000,100655892,2015
254905,4000000,797439,2015
173224,250000,3234,2013
209112,250000000,868160194,2016
29562,5000000,83356,2005
264999,14500000,123709460,2015
316002,26000000,135436,2015
300671,50000000,69411370,2016
256040,40000000,26736665,2015
273481,30000000,78571737,2015
283350,3000000,483938,2015
291270,8000000,5531455,2016
226458,25000,428923,2015
290751,20000000,30808558,2015
283445,10000000,54104225,2015
261392,28000000,30295076,2015
277216,28000000,202043881,2015
274479,60000000,101134059,2015
228066,40000000,33175076,2015
273477,15000000,15554855,2015
245168,14000000,34044909,2014
301351,2000000,10166209,2015
323272,3000000,73975239,2015
319910,15000000,3471,2015
41144,500000,3824868,2010
334298,56000000,386096060,2015
314365,20000000,92217729,2015
295964,20000000,32632668,2015
157843,36000000,1480089,2015
73527,17000000,5653176,2016
159824,80000000,470751398,2015
356905,7000000,10237229,2015
314402,9000000,7714549,2015
296098,40000000,162610473,2015
357441,1000000,17721,2015
257445,58000000,158905324,2015
294963,2000000,481525,2015
146301,10000000,78096553,2015
266639,5000000,2368937,2015
271331,30000000,168832,2014
56666,1000000,1179462,2000
312221,37000000,173567581,2015
333348,18000000,42167286,2015
334527,7000000,386744,2015
215881,2000000,28864,2013
367551,1000000,26,2015
329833,50000000,55348693,2016
259694,37000000,99595932,2016
351819,5000000,20765353,2016
340666,22500000,30909409,2016
140300,140000000,518614383,2016
256687,8000000,44197,2014
20360,8400000,6831069,2007
58431,28000000,16311335,2016
174751,25000000,2976636,2015
26379,4300000,9791282,2009
169009,25000000,137984788,2007
276905,18000000,27392195,2016
323675,40000000,124827316,2016
319888,23000000,45121177,2016
335778,20000000,46164361,2016
291870,11500000,99930262,2016
300673,70000000,49252761,2016
296096,20000000,205445075,2016
17720,150000000,505518500,2017
146198,20000000,25943792,2016
205584,140000000,133553464,2016
333371,5000000,108286422,2016
267860,60000000,193857962,2016
269149,150000000,1019920974,2016
279641,35000000,24915969,2016
267193,35000000,28721408,2016
373314,11000000,2352511,2016
371645,2500000,23238220,2016
20296,1000000,1549000,2005
339984,13000000,73798720,2016
315664,29000000,44267641,2016
302688,18000000,91651878,2016
342521,15000000,20609977,2016
290825,5000000,2199,2016
295699,10000000,5437126,2016
370755,5000000,10778217,2016
325133,35000000,108758521,2016
303858,27000000,93469699,2016
326423,20000000,54404202,2016
127380,200000000,1022617376,2016
316152,50000000,23152062,2016
332411,18000000,309608,2016
266102,4000000,324218,2014
302401,50000000,34301950,2015
258509,90000000,249520430,2015
223702,19000000,141354394,2016
291805,90000000,328675540,2016
347031,3000000,5837111,2016
308531,135000000,245623848,2016
341012,20000000,9537120,2016
302699,50000000,217196811,2016
63006,5200000,11633427,2011
324668,120000000,416197059,2016
312113,7500000,32572,2015
316023,33000000,75909673,2016
278154,105000000,403841637,2016
324322,600000,7943,2015
328387,20000000,61680792,2016
363676,60000000,238552082,2016
308266,50000000,83034523,2016
376659,20000000,181457297,2016
338766,12000000,37584304,2016
300669,10000000,159047649,2016
313297,55000000,77548564,2016
95610,35000000,203555567,2016
296524,156000000,122931214,2016
283366,110000000,296642834,2016
369883,8500000,23311425,2016
317930,3000000,7445044,2016
347126,5000000,23565072,2016
407887,12700000,49196532,2016
184341,20000000,5032013,2016
147767,5600000,14683763,2012
58051,10100000,18726300,2010
324786,40000000,158701644,2016
340945,40000000,1641255,2016
293767,40000000,25863458,2016
329865,47000000,203178872,2016
332210,70000000,174102281,2016
402529,45000000,54876855,2016
313369,20000000,431879909,2016
335796,9000000,81831866,2016
136799,125000000,344780046,2016
343611,60000000,160038407,2016
334541,8500000,77662988,2016
334543,12000000,145712310,2016
340402,17000000,42493506,2016
345920,36000000,85315070,2016
329981,10000000,11361962,2016
384682,45000000,91342494,2016
330459,200000000,1050988488,2016
259695,65000000,21778555,2016
381288,5000000,278304578,2017
376290,18000000,5911870,2016
291328,26700000,3871448,2016
381284,25000000,231580573,2016
332979,16000000,6248077,2016
356305,38000000,117523786,2016
121856,125000000,240497948,2016
195590,29200000,5278519,2016
388399,40000000,52471361,2016
345922,25000000,40287017,2017
262841,125000000,61681268,2016
47971,85000000,345114933,2017
324552,40000000,166893990,2017
419430,5000000,253758980,2017
293167,185000000,561137727,2017
180863,18000000,42067430,2017
274857,175000000,140012608,2017
173897,40000000,307353906,2016
325373,6840000,22273,2017
192210,3000000,47469,2013
341174,55000000,380981543,2017
337844,15000000,214182,2017
73981,300000,2066892,2002
361475,1100000,27561,2016
126889,97000000,238862031,2017
334521,10000000,3793754,2017
417644,25000000,23190697,2017
403390,21000000,606162,2017
137116,60000000,197258954,2017
417678,10000000,45858330,2017
417830,22000000,35355942,2017
339846,60000000,176533570,2017
268531,38000000,123298168,2017
418078,5000000,17387100,2017
350312,30000000,263585794,2017
14395,10750000,32575443,2006
339403,34000000,227416373,2017
397422,20000000,46776438,2017
324852,75000000,1031873712,2017
281338,152000000,490272826,2017
339964,180000000,215116144,2017
341013,30000000,96673925,2017
335988,217000000,603968683,2017
417870,28000000,138076251,2017
